{"source_filename": "address.wast",
 "commands": [
  {"type": "module", "line": 3, "filename": "address.0.wasm"}, 
  {"type": "assert_return", "line": 104, "action": {"type": "invoke", "field": "8u_good1", "args": [{"type": "i32", "value": "0"}]}, "expected": [{"type": "i32", "value": "97"}]}, 
  {"type": "assert_return", "line": 105, "action": {"type": "invoke", "field": "8u_good2", "args": [{"type": "i32", "value": "0"}]}, "expected": [{"type": "i32", "value": "97"}]}, 
  {"type": "assert_return", "line": 106, "action": {"type": "invoke", "field": "8u_good3", "args": [{"type": "i32", "value": "0"}]}, "expected": [{"type": "i32", "value": "98"}]}, 
  {"type": "assert_return", "line": 107, "action": {"type": "invoke", "field": "8u_good4", "args": [{"type": "i32", "value": "0"}]}, "expected": [{"type": "i32", "value": "99"}]}, 
  {"type": "assert_return", "line": 108, "action": {"type": "invoke", "field": "8u_good5", "args": [{"type": "i32", "value": "0"}]}, "expected": [{"type": "i32", "value": "122"}]}, 
  {"type": "assert_return", "line": 110, "action": {"type": "invoke", "field": "8s_good1", "args": [{"type": "i32", "value": "0"}]}, "expected": [{"type": "i32", "value": "97"}]}, 
  {"type": "assert_return", "line": 111, "action": {"type": "invoke", "field": "8s_good2", "args": [{"type": "i32", "value": "0"}]}, "expected": [{"type": "i32", "value": "97"}]}, 
  {"type": "assert_return", "line": 112, "action": {"type": "invoke", "field": "8s_good3", "args": [{"type": "i32", "value": "0"}]}, "expected": [{"type": "i32", "value": "98"}]}, 
  {"type": "assert_return", "line": 113, "action": {"type": "invoke", "field": "8s_good4", "args": [{"type": "i32", "value": "0"}]}, "expected": [{"type": "i32", "value": "99"}]}, 
  {"type": "assert_return", "line": 114, "action": {"type": "invoke", "field": "8s_good5", "args": [{"type": "i32", "value": "0"}]}, "expected": [{"type": "i32", "value": "122"}]}, 
  {"type": "assert_return", "line": 116, "action": {"type": "invoke", "field": "16u_good1", "args": [{"type": "i32", "value": "0"}]}, "expected": [{"type": "i32", "value": "25185"}]}, 
  {"type": "assert_return", "line": 117, "action": {"type": "invoke", "field": "16u_good2", "args": [{"type": "i32", "value": "0"}]}, "expected": [{"type": "i32", "value": "25185"}]}, 
  {"type": "assert_return", "line": 118, "action": {"type": "invoke", "field": "16u_good3", "args": [{"type": "i32", "value": "0"}]}, "expected": [{"type": "i32", "value": "25442"}]}, 
  {"type": "assert_return", "line": 119, "action": {"type": "invoke", "field": "16u_good4", "args": [{"type": "i32", "value": "0"}]}, "expected": [{"type": "i32", "value": "25699"}]}, 
  {"type": "assert_return", "line": 120, "action": {"type": "invoke", "field": "16u_good5", "args": [{"type": "i32", "value": "0"}]}, "expected": [{"type": "i32", "value": "122"}]}, 
  {"type": "assert_return", "line": 122, "action": {"type": "invoke", "field": "16s_good1", "args": [{"type": "i32", "value": "0"}]}, "expected": [{"type": "i32", "value": "25185"}]}, 
  {"type": "assert_return", "line": 123, "action": {"type": "invoke", "field": "16s_good2", "args": [{"type": "i32", "value": "0"}]}, "expected": [{"type": "i32", "value": "25185"}]}, 
  {"type": "assert_return", "line": 124, "action": {"type": "invoke", "field": "16s_good3", "args": [{"type": "i32", "value": "0"}]}, "expected": [{"type": "i32", "value": "25442"}]}, 
  {"type": "assert_return", "line": 125, "action": {"type": "invoke", "field": "16s_good4", "args": [{"type": "i32", "value": "0"}]}, "expected": [{"type": "i32", "value": "25699"}]}, 
  {"type": "assert_return", "line": 126, "action": {"type": "invoke", "field": "16s_good5", "args": [{"type": "i32", "value": "0"}]}, "expected": [{"type": "i32", "value": "122"}]}, 
  {"type": "assert_return", "line": 128, "action": {"type": "invoke", "field": "32_good1", "args": [{"type": "i32", "value": "0"}]}, "expected": [{"type": "i32", "value": "1684234849"}]}, 
  {"type": "assert_return", "line": 129, "action": {"type": "invoke", "field": "32_good2", "args": [{"type": "i32", "value": "0"}]}, "expected": [{"type": "i32", "value": "1684234849"}]}, 
  {"type": "assert_return", "line": 130, "action": {"type": "invoke", "field": "32_good3", "args": [{"type": "i32", "value": "0"}]}, "expected": [{"type": "i32", "value": "1701077858"}]}, 
  {"type": "assert_return", "line": 131, "action": {"type": "invoke", "field": "32_good4", "args": [{"type": "i32", "value": "0"}]}, "expected": [{"type": "i32", "value": "1717920867"}]}, 
  {"type": "assert_return", "line": 132, "action": {"type": "invoke", "field": "32_good5", "args": [{"type": "i32", "value": "0"}]}, "expected": [{"type": "i32", "value": "122"}]}, 
  {"type": "assert_return", "line": 134, "action": {"type": "invoke", "field": "8u_good1", "args": [{"type": "i32", "value": "65507"}]}, "expected": [{"type": "i32", "value": "0"}]}, 
  {"type": "assert_return", "line": 135, "action": {"type": "invoke", "field": "8u_good2", "args": [{"type": "i32", "value": "65507"}]}, "expected": [{"type": "i32", "value": "0"}]}, 
  {"type": "assert_return", "line": 136, "action": {"type": "invoke", "field": "8u_good3", "args": [{"type": "i32", "value": "65507"}]}, "expected": [{"type": "i32", "value": "0"}]}, 
  {"type": "assert_return", "line": 137, "action": {"type": "invoke", "field": "8u_good4", "args": [{"type": "i32", "value": "65507"}]}, "expected": [{"type": "i32", "value": "0"}]}, 
  {"type": "assert_return", "line": 138, "action": {"type": "invoke", "field": "8u_good5", "args": [{"type": "i32", "value": "65507"}]}, "expected": [{"type": "i32", "value": "0"}]}, 
  {"type": "assert_return", "line": 140, "action": {"type": "invoke", "field": "8s_good1", "args": [{"type": "i32", "value": "65507"}]}, "expected": [{"type": "i32", "value": "0"}]}, 
  {"type": "assert_return", "line": 141, "action": {"type": "invoke", "field": "8s_good2", "args": [{"type": "i32", "value": "65507"}]}, "expected": [{"type": "i32", "value": "0"}]}, 
  {"type": "assert_return", "line": 142, "action": {"type": "invoke", "field": "8s_good3", "args": [{"type": "i32", "value": "65507"}]}, "expected": [{"type": "i32", "value": "0"}]}, 
  {"type": "assert_return", "line": 143, "action": {"type": "invoke", "field": "8s_good4", "args": [{"type": "i32", "value": "65507"}]}, "expected": [{"type": "i32", "value": "0"}]}, 
  {"type": "assert_return", "line": 144, "action": {"type": "invoke", "field": "8s_good5", "args": [{"type": "i32", "value": "65507"}]}, "expected": [{"type": "i32", "value": "0"}]}, 
  {"type": "assert_return", "line": 146, "action": {"type": "invoke", "field": "16u_good1", "args": [{"type": "i32", "value": "65507"}]}, "expected": [{"type": "i32", "value": "0"}]}, 
  {"type": "assert_return", "line": 147, "action": {"type": "invoke", "field": "16u_good2", "args": [{"type": "i32", "value": "65507"}]}, "expected": [{"type": "i32", "value": "0"}]}, 
  {"type": "assert_return", "line": 148, "action": {"type": "invoke", "field": "16u_good3", "args": [{"type": "i32", "value": "65507"}]}, "expected": [{"type": "i32", "value": "0"}]}, 
  {"type": "assert_return", "line": 149, "action": {"type": "invoke", "field": "16u_good4", "args": [{"type": "i32", "value": "65507"}]}, "expected": [{"type": "i32", "value": "0"}]}, 
  {"type": "assert_return", "line": 150, "action": {"type": "invoke", "field": "16u_good5", "args": [{"type": "i32", "value": "65507"}]}, "expected": [{"type": "i32", "value": "0"}]}, 
  {"type": "assert_return", "line": 152, "action": {"type": "invoke", "field": "16s_good1", "args": [{"type": "i32", "value": "65507"}]}, "expected": [{"type": "i32", "value": "0"}]}, 
  {"type": "assert_return", "line": 153, "action": {"type": "invoke", "field": "16s_good2", "args": [{"type": "i32", "value": "65507"}]}, "expected": [{"type": "i32", "value": "0"}]}, 
  {"type": "assert_return", "line": 154, "action": {"type": "invoke", "field": "16s_good3", "args": [{"type": "i32", "value": "65507"}]}, "expected": [{"type": "i32", "value": "0"}]}, 
  {"type": "assert_return", "line": 155, "action": {"type": "invoke", "field": "16s_good4", "args": [{"type": "i32", "value": "65507"}]}, "expected": [{"type": "i32", "value": "0"}]}, 
  {"type": "assert_return", "line": 156, "action": {"type": "invoke", "field": "16s_good5", "args": [{"type": "i32", "value": "65507"}]}, "expected": [{"type": "i32", "value": "0"}]}, 
  {"type": "assert_return", "line": 158, "action": {"type": "invoke", "field": "32_good1", "args": [{"type": "i32", "value": "65507"}]}, "expected": [{"type": "i32", "value": "0"}]}, 
  {"type": "assert_return", "line": 159, "action": {"type": "invoke", "field": "32_good2", "args": [{"type": "i32", "value": "65507"}]}, "expected": [{"type": "i32", "value": "0"}]}, 
  {"type": "assert_return", "line": 160, "action": {"type": "invoke", "field": "32_good3", "args": [{"type": "i32", "value": "65507"}]}, "expected": [{"type": "i32", "value": "0"}]}, 
  {"type": "assert_return", "line": 161, "action": {"type": "invoke", "field": "32_good4", "args": [{"type": "i32", "value": "65507"}]}, "expected": [{"type": "i32", "value": "0"}]}, 
  {"type": "assert_return", "line": 162, "action": {"type": "invoke", "field": "32_good5", "args": [{"type": "i32", "value": "65507"}]}, "expected": [{"type": "i32", "value": "0"}]}, 
  {"type": "assert_return", "line": 164, "action": {"type": "invoke", "field": "8u_good1", "args": [{"type": "i32", "value": "65508"}]}, "expected": [{"type": "i32", "value": "0"}]}, 
  {"type": "assert_return", "line": 165, "action": {"type": "invoke", "field": "8u_good2", "args": [{"type": "i32", "value": "65508"}]}, "expected": [{"type": "i32", "value": "0"}]}, 
  {"type": "assert_return", "line": 166, "action": {"type": "invoke", "field": "8u_good3", "args": [{"type": "i32", "value": "65508"}]}, "expected": [{"type": "i32", "value": "0"}]}, 
  {"type": "assert_return", "line": 167, "action": {"type": "invoke", "field": "8u_good4", "args": [{"type": "i32", "value": "65508"}]}, "expected": [{"type": "i32", "value": "0"}]}, 
  {"type": "assert_return", "line": 168, "action": {"type": "invoke", "field": "8u_good5", "args": [{"type": "i32", "value": "65508"}]}, "expected": [{"type": "i32", "value": "0"}]}, 
  {"type": "assert_return", "line": 170, "action": {"type": "invoke", "field": "8s_good1", "args": [{"type": "i32", "value": "65508"}]}, "expected": [{"type": "i32", "value": "0"}]}, 
  {"type": "assert_return", "line": 171, "action": {"type": "invoke", "field": "8s_good2", "args": [{"type": "i32", "value": "65508"}]}, "expected": [{"type": "i32", "value": "0"}]}, 
  {"type": "assert_return", "line": 172, "action": {"type": "invoke", "field": "8s_good3", "args": [{"type": "i32", "value": "65508"}]}, "expected": [{"type": "i32", "value": "0"}]}, 
  {"type": "assert_return", "line": 173, "action": {"type": "invoke", "field": "8s_good4", "args": [{"type": "i32", "value": "65508"}]}, "expected": [{"type": "i32", "value": "0"}]}, 
  {"type": "assert_return", "line": 174, "action": {"type": "invoke", "field": "8s_good5", "args": [{"type": "i32", "value": "65508"}]}, "expected": [{"type": "i32", "value": "0"}]}, 
  {"type": "assert_return", "line": 176, "action": {"type": "invoke", "field": "16u_good1", "args": [{"type": "i32", "value": "65508"}]}, "expected": [{"type": "i32", "value": "0"}]}, 
  {"type": "assert_return", "line": 177, "action": {"type": "invoke", "field": "16u_good2", "args": [{"type": "i32", "value": "65508"}]}, "expected": [{"type": "i32", "value": "0"}]}, 
  {"type": "assert_return", "line": 178, "action": {"type": "invoke", "field": "16u_good3", "args": [{"type": "i32", "value": "65508"}]}, "expected": [{"type": "i32", "value": "0"}]}, 
  {"type": "assert_return", "line": 179, "action": {"type": "invoke", "field": "16u_good4", "args": [{"type": "i32", "value": "65508"}]}, "expected": [{"type": "i32", "value": "0"}]}, 
  {"type": "assert_return", "line": 180, "action": {"type": "invoke", "field": "16u_good5", "args": [{"type": "i32", "value": "65508"}]}, "expected": [{"type": "i32", "value": "0"}]}, 
  {"type": "assert_return", "line": 182, "action": {"type": "invoke", "field": "16s_good1", "args": [{"type": "i32", "value": "65508"}]}, "expected": [{"type": "i32", "value": "0"}]}, 
  {"type": "assert_return", "line": 183, "action": {"type": "invoke", "field": "16s_good2", "args": [{"type": "i32", "value": "65508"}]}, "expected": [{"type": "i32", "value": "0"}]}, 
  {"type": "assert_return", "line": 184, "action": {"type": "invoke", "field": "16s_good3", "args": [{"type": "i32", "value": "65508"}]}, "expected": [{"type": "i32", "value": "0"}]}, 
  {"type": "assert_return", "line": 185, "action": {"type": "invoke", "field": "16s_good4", "args": [{"type": "i32", "value": "65508"}]}, "expected": [{"type": "i32", "value": "0"}]}, 
  {"type": "assert_return", "line": 186, "action": {"type": "invoke", "field": "16s_good5", "args": [{"type": "i32", "value": "65508"}]}, "expected": [{"type": "i32", "value": "0"}]}, 
  {"type": "assert_return", "line": 188, "action": {"type": "invoke", "field": "32_good1", "args": [{"type": "i32", "value": "65508"}]}, "expected": [{"type": "i32", "value": "0"}]}, 
  {"type": "assert_return", "line": 189, "action": {"type": "invoke", "field": "32_good2", "args": [{"type": "i32", "value": "65508"}]}, "expected": [{"type": "i32", "value": "0"}]}, 
  {"type": "assert_return", "line": 190, "action": {"type": "invoke", "field": "32_good3", "args": [{"type": "i32", "value": "65508"}]}, "expected": [{"type": "i32", "value": "0"}]}, 
  {"type": "assert_return", "line": 191, "action": {"type": "invoke", "field": "32_good4", "args": [{"type": "i32", "value": "65508"}]}, "expected": [{"type": "i32", "value": "0"}]}, 
  {"type": "assert_trap", "line": 192, "action": {"type": "invoke", "field": "32_good5", "args": [{"type": "i32", "value": "65508"}]}, "text": "out of bounds memory access", "expected": [{"type": "i32"}]}, 
  {"type": "assert_trap", "line": 194, "action": {"type": "invoke", "field": "8u_good3", "args": [{"type": "i32", "value": "4294967295"}]}, "text": "out of bounds memory access", "expected": [{"type": "i32"}]}, 
  {"type": "assert_trap", "line": 195, "action": {"type": "invoke", "field": "8s_good3", "args": [{"type": "i32", "value": "4294967295"}]}, "text": "out of bounds memory access", "expected": [{"type": "i32"}]}, 
  {"type": "assert_trap", "line": 196, "action": {"type": "invoke", "field": "16u_good3", "args": [{"type": "i32", "value": "4294967295"}]}, "text": "out of bounds memory access", "expected": [{"type": "i32"}]}, 
  {"type": "assert_trap", "line": 197, "action": {"type": "invoke", "field": "16s_good3", "args": [{"type": "i32", "value": "4294967295"}]}, "text": "out of bounds memory access", "expected": [{"type": "i32"}]}, 
  {"type": "assert_trap", "line": 198, "action": {"type": "invoke", "field": "32_good3", "args": [{"type": "i32", "value": "4294967295"}]}, "text": "out of bounds memory access", "expected": [{"type": "i32"}]}, 
  {"type": "assert_trap", "line": 199, "action": {"type": "invoke", "field": "32_good3", "args": [{"type": "i32", "value": "4294967295"}]}, "text": "out of bounds memory access", "expected": [{"type": "i32"}]}, 
  {"type": "assert_trap", "line": 201, "action": {"type": "invoke", "field": "8u_bad", "args": [{"type": "i32", "value": "0"}]}, "text": "out of bounds memory access", "expected": []}, 
  {"type": "assert_trap", "line": 202, "action": {"type": "invoke", "field": "8s_bad", "args": [{"type": "i32", "value": "0"}]}, "text": "out of bounds memory access", "expected": []}, 
  {"type": "assert_trap", "line": 203, "action": {"type": "invoke", "field": "16u_bad", "args": [{"type": "i32", "value": "0"}]}, "text": "out of bounds memory access", "expected": []}, 
  {"type": "assert_trap", "line": 204, "action": {"type": "invoke", "field": "16s_bad", "args": [{"type": "i32", "value": "0"}]}, "text": "out of bounds memory access", "expected": []}, 
  {"type": "assert_trap", "line": 205, "action": {"type": "invoke", "field": "32_bad", "args": [{"type": "i32", "value": "0"}]}, "text": "out of bounds memory access", "expected": []}, 
  {"type": "assert_trap", "line": 207, "action": {"type": "invoke", "field": "8u_bad", "args": [{"type": "i32", "value": "1"}]}, "text": "out of bounds memory access", "expected": []}, 
  {"type": "assert_trap", "line": 208, "action": {"type": "invoke", "field": "8s_bad", "args": [{"type": "i32", "value": "1"}]}, "text": "out of bounds memory access", "expected": []}, 
  {"type": "assert_trap", "line": 209, "action": {"type": "invoke", "field": "16u_bad", "args": [{"type": "i32", "value": "1"}]}, "text": "out of bounds memory access", "expected": []}, 
  {"type": "assert_trap", "line": 210, "action": {"type": "invoke", "field": "16s_bad", "args": [{"type": "i32", "value": "1"}]}, "text": "out of bounds memory access", "expected": []}, 
  {"type": "assert_trap", "line": 211, "action": {"type": "invoke", "field": "32_bad", "args": [{"type": "i32", "value": "1"}]}, "text": "out of bounds memory access", "expected": []}, 
  {"type": "assert_malformed", "line": 214, "filename": "address.1.wat", "text": "i32 constant", "module_type": "text"}, 
  {"type": "module", "line": 223, "filename": "address.2.wasm"}, 
  {"type": "assert_return", "line": 362, "action": {"type": "invoke", "field": "8u_good1", "args": [{"type": "i32", "value": "0"}]}, "expected": [{"type": "i64", "value": "97"}]}, 
  {"type": "assert_return", "line": 363, "action": {"type": "invoke", "field": "8u_good2", "args": [{"type": "i32", "value": "0"}]}, "expected": [{"type": "i64", "value": "97"}]}, 
  {"type": "assert_return", "line": 364, "action": {"type": "invoke", "field": "8u_good3", "args": [{"type": "i32", "value": "0"}]}, "expected": [{"type": "i64", "value": "98"}]}, 
  {"type": "assert_return", "line": 365, "action": {"type": "invoke", "field": "8u_good4", "args": [{"type": "i32", "value": "0"}]}, "expected": [{"type": "i64", "value": "99"}]}, 
  {"type": "assert_return", "line": 366, "action": {"type": "invoke", "field": "8u_good5", "args": [{"type": "i32", "value": "0"}]}, "expected": [{"type": "i64", "value": "122"}]}, 
  {"type": "assert_return", "line": 368, "action": {"type": "invoke", "field": "8s_good1", "args": [{"type": "i32", "value": "0"}]}, "expected": [{"type": "i64", "value": "97"}]}, 
  {"type": "assert_return", "line": 369, "action": {"type": "invoke", "field": "8s_good2", "args": [{"type": "i32", "value": "0"}]}, "expected": [{"type": "i64", "value": "97"}]}, 
  {"type": "assert_return", "line": 370, "action": {"type": "invoke", "field": "8s_good3", "args": [{"type": "i32", "value": "0"}]}, "expected": [{"type": "i64", "value": "98"}]}, 
  {"type": "assert_return", "line": 371, "action": {"type": "invoke", "field": "8s_good4", "args": [{"type": "i32", "value": "0"}]}, "expected": [{"type": "i64", "value": "99"}]}, 
  {"type": "assert_return", "line": 372, "action": {"type": "invoke", "field": "8s_good5", "args": [{"type": "i32", "value": "0"}]}, "expected": [{"type": "i64", "value": "122"}]}, 
  {"type": "assert_return", "line": 374, "action": {"type": "invoke", "field": "16u_good1", "args": [{"type": "i32", "value": "0"}]}, "expected": [{"type": "i64", "value": "25185"}]}, 
  {"type": "assert_return", "line": 375, "action": {"type": "invoke", "field": "16u_good2", "args": [{"type": "i32", "value": "0"}]}, "expected": [{"type": "i64", "value": "25185"}]}, 
  {"type": "assert_return", "line": 376, "action": {"type": "invoke", "field": "16u_good3", "args": [{"type": "i32", "value": "0"}]}, "expected": [{"type": "i64", "value": "25442"}]}, 
  {"type": "assert_return", "line": 377, "action": {"type": "invoke", "field": "16u_good4", "args": [{"type": "i32", "value": "0"}]}, "expected": [{"type": "i64", "value": "25699"}]}, 
  {"type": "assert_return", "line": 378, "action": {"type": "invoke", "field": "16u_good5", "args": [{"type": "i32", "value": "0"}]}, "expected": [{"type": "i64", "value": "122"}]}, 
  {"type": "assert_return", "line": 380, "action": {"type": "invoke", "field": "16s_good1", "args": [{"type": "i32", "value": "0"}]}, "expected": [{"type": "i64", "value": "25185"}]}, 
  {"type": "assert_return", "line": 381, "action": {"type": "invoke", "field": "16s_good2", "args": [{"type": "i32", "value": "0"}]}, "expected": [{"type": "i64", "value": "25185"}]}, 
  {"type": "assert_return", "line": 382, "action": {"type": "invoke", "field": "16s_good3", "args": [{"type": "i32", "value": "0"}]}, "expected": [{"type": "i64", "value": "25442"}]}, 
  {"type": "assert_return", "line": 383, "action": {"type": "invoke", "field": "16s_good4", "args": [{"type": "i32", "value": "0"}]}, "expected": [{"type": "i64", "value": "25699"}]}, 
  {"type": "assert_return", "line": 384, "action": {"type": "invoke", "field": "16s_good5", "args": [{"type": "i32", "value": "0"}]}, "expected": [{"type": "i64", "value": "122"}]}, 
  {"type": "assert_return", "line": 386, "action": {"type": "invoke", "field": "32u_good1", "args": [{"type": "i32", "value": "0"}]}, "expected": [{"type": "i64", "value": "1684234849"}]}, 
  {"type": "assert_return", "line": 387, "action": {"type": "invoke", "field": "32u_good2", "args": [{"type": "i32", "value": "0"}]}, "expected": [{"type": "i64", "value": "1684234849"}]}, 
  {"type": "assert_return", "line": 388, "action": {"type": "invoke", "field": "32u_good3", "args": [{"type": "i32", "value": "0"}]}, "expected": [{"type": "i64", "value": "1701077858"}]}, 
  {"type": "assert_return", "line": 389, "action": {"type": "invoke", "field": "32u_good4", "args": [{"type": "i32", "value": "0"}]}, "expected": [{"type": "i64", "value": "1717920867"}]}, 
  {"type": "assert_return", "line": 390, "action": {"type": "invoke", "field": "32u_good5", "args": [{"type": "i32", "value": "0"}]}, "expected": [{"type": "i64", "value": "122"}]}, 
  {"type": "assert_return", "line": 392, "action": {"type": "invoke", "field": "32s_good1", "args": [{"type": "i32", "value": "0"}]}, "expected": [{"type": "i64", "value": "1684234849"}]}, 
  {"type": "assert_return", "line": 393, "action": {"type": "invoke", "field": "32s_good2", "args": [{"type": "i32", "value": "0"}]}, "expected": [{"type": "i64", "value": "1684234849"}]}, 
  {"type": "assert_return", "line": 394, "action": {"type": "invoke", "field": "32s_good3", "args": [{"type": "i32", "value": "0"}]}, "expected": [{"type": "i64", "value": "1701077858"}]}, 
  {"type": "assert_return", "line": 395, "action": {"type": "invoke", "field": "32s_good4", "args": [{"type": "i32", "value": "0"}]}, "expected": [{"type": "i64", "value": "1717920867"}]}, 
  {"type": "assert_return", "line": 396, "action": {"type": "invoke", "field": "32s_good5", "args": [{"type": "i32", "value": "0"}]}, "expected": [{"type": "i64", "value": "122"}]}, 
  {"type": "assert_return", "line": 398, "action": {"type": "invoke", "field": "64_good1", "args": [{"type": "i32", "value": "0"}]}, "expected": [{"type": "i64", "value": "7523094288207667809"}]}, 
  {"type": "assert_return", "line": 399, "action": {"type": "invoke", "field": "64_good2", "args": [{"type": "i32", "value": "0"}]}, "expected": [{"type": "i64", "value": "7523094288207667809"}]}, 
  {"type": "assert_return", "line": 400, "action": {"type": "invoke", "field": "64_good3", "args": [{"type": "i32", "value": "0"}]}, "expected": [{"type": "i64", "value": "7595434461045744482"}]}, 
  {"type": "assert_return", "line": 401, "action": {"type": "invoke", "field": "64_good4", "args": [{"type": "i32", "value": "0"}]}, "expected": [{"type": "i64", "value": "7667774633883821155"}]}, 
  {"type": "assert_return", "line": 402, "action": {"type": "invoke", "field": "64_good5", "args": [{"type": "i32", "value": "0"}]}, "expected": [{"type": "i64", "value": "122"}]}, 
  {"type": "assert_return", "line": 404, "action": {"type": "invoke", "field": "8u_good1", "args": [{"type": "i32", "value": "65503"}]}, "expected": [{"type": "i64", "value": "0"}]}, 
  {"type": "assert_return", "line": 405, "action": {"type": "invoke", "field": "8u_good2", "args": [{"type": "i32", "value": "65503"}]}, "expected": [{"type": "i64", "value": "0"}]}, 
  {"type": "assert_return", "line": 406, "action": {"type": "invoke", "field": "8u_good3", "args": [{"type": "i32", "value": "65503"}]}, "expected": [{"type": "i64", "value": "0"}]}, 
  {"type": "assert_return", "line": 407, "action": {"type": "invoke", "field": "8u_good4", "args": [{"type": "i32", "value": "65503"}]}, "expected": [{"type": "i64", "value": "0"}]}, 
  {"type": "assert_return", "line": 408, "action": {"type": "invoke", "field": "8u_good5", "args": [{"type": "i32", "value": "65503"}]}, "expected": [{"type": "i64", "value": "0"}]}, 
  {"type": "assert_return", "line": 410, "action": {"type": "invoke", "field": "8s_good1", "args": [{"type": "i32", "value": "65503"}]}, "expected": [{"type": "i64", "value": "0"}]}, 
  {"type": "assert_return", "line": 411, "action": {"type": "invoke", "field": "8s_good2", "args": [{"type": "i32", "value": "65503"}]}, "expected": [{"type": "i64", "value": "0"}]}, 
  {"type": "assert_return", "line": 412, "action": {"type": "invoke", "field": "8s_good3", "args": [{"type": "i32", "value": "65503"}]}, "expected": [{"type": "i64", "value": "0"}]}, 
  {"type": "assert_return", "line": 413, "action": {"type": "invoke", "field": "8s_good4", "args": [{"type": "i32", "value": "65503"}]}, "expected": [{"type": "i64", "value": "0"}]}, 
  {"type": "assert_return", "line": 414, "action": {"type": "invoke", "field": "8s_good5", "args": [{"type": "i32", "value": "65503"}]}, "expected": [{"type": "i64", "value": "0"}]}, 
  {"type": "assert_return", "line": 416, "action": {"type": "invoke", "field": "16u_good1", "args": [{"type": "i32", "value": "65503"}]}, "expected": [{"type": "i64", "value": "0"}]}, 
  {"type": "assert_return", "line": 417, "action": {"type": "invoke", "field": "16u_good2", "args": [{"type": "i32", "value": "65503"}]}, "expected": [{"type": "i64", "value": "0"}]}, 
  {"type": "assert_return", "line": 418, "action": {"type": "invoke", "field": "16u_good3", "args": [{"type": "i32", "value": "65503"}]}, "expected": [{"type": "i64", "value": "0"}]}, 
  {"type": "assert_return", "line": 419, "action": {"type": "invoke", "field": "16u_good4", "args": [{"type": "i32", "value": "65503"}]}, "expected": [{"type": "i64", "value": "0"}]}, 
  {"type": "assert_return", "line": 420, "action": {"type": "invoke", "field": "16u_good5", "args": [{"type": "i32", "value": "65503"}]}, "expected": [{"type": "i64", "value": "0"}]}, 
  {"type": "assert_return", "line": 422, "action": {"type": "invoke", "field": "16s_good1", "args": [{"type": "i32", "value": "65503"}]}, "expected": [{"type": "i64", "value": "0"}]}, 
  {"type": "assert_return", "line": 423, "action": {"type": "invoke", "field": "16s_good2", "args": [{"type": "i32", "value": "65503"}]}, "expected": [{"type": "i64", "value": "0"}]}, 
  {"type": "assert_return", "line": 424, "action": {"type": "invoke", "field": "16s_good3", "args": [{"type": "i32", "value": "65503"}]}, "expected": [{"type": "i64", "value": "0"}]}, 
  {"type": "assert_return", "line": 425, "action": {"type": "invoke", "field": "16s_good4", "args": [{"type": "i32", "value": "65503"}]}, "expected": [{"type": "i64", "value": "0"}]}, 
  {"type": "assert_return", "line": 426, "action": {"type": "invoke", "field": "16s_good5", "args": [{"type": "i32", "value": "65503"}]}, "expected": [{"type": "i64", "value": "0"}]}, 
  {"type": "assert_return", "line": 428, "action": {"type": "invoke", "field": "32u_good1", "args": [{"type": "i32", "value": "65503"}]}, "expected": [{"type": "i64", "value": "0"}]}, 
  {"type": "assert_return", "line": 429, "action": {"type": "invoke", "field": "32u_good2", "args": [{"type": "i32", "value": "65503"}]}, "expected": [{"type": "i64", "value": "0"}]}, 
  {"type": "assert_return", "line": 430, "action": {"type": "invoke", "field": "32u_good3", "args": [{"type": "i32", "value": "65503"}]}, "expected": [{"type": "i64", "value": "0"}]}, 
  {"type": "assert_return", "line": 431, "action": {"type": "invoke", "field": "32u_good4", "args": [{"type": "i32", "value": "65503"}]}, "expected": [{"type": "i64", "value": "0"}]}, 
  {"type": "assert_return", "line": 432, "action": {"type": "invoke", "field": "32u_good5", "args": [{"type": "i32", "value": "65503"}]}, "expected": [{"type": "i64", "value": "0"}]}, 
  {"type": "assert_return", "line": 434, "action": {"type": "invoke", "field": "32s_good1", "args": [{"type": "i32", "value": "65503"}]}, "expected": [{"type": "i64", "value": "0"}]}, 
  {"type": "assert_return", "line": 435, "action": {"type": "invoke", "field": "32s_good2", "args": [{"type": "i32", "value": "65503"}]}, "expected": [{"type": "i64", "value": "0"}]}, 
  {"type": "assert_return", "line": 436, "action": {"type": "invoke", "field": "32s_good3", "args": [{"type": "i32", "value": "65503"}]}, "expected": [{"type": "i64", "value": "0"}]}, 
  {"type": "assert_return", "line": 437, "action": {"type": "invoke", "field": "32s_good4", "args": [{"type": "i32", "value": "65503"}]}, "expected": [{"type": "i64", "value": "0"}]}, 
  {"type": "assert_return", "line": 438, "action": {"type": "invoke", "field": "32s_good5", "args": [{"type": "i32", "value": "65503"}]}, "expected": [{"type": "i64", "value": "0"}]}, 
  {"type": "assert_return", "line": 440, "action": {"type": "invoke", "field": "64_good1", "args": [{"type": "i32", "value": "65503"}]}, "expected": [{"type": "i64", "value": "0"}]}, 
  {"type": "assert_return", "line": 441, "action": {"type": "invoke", "field": "64_good2", "args": [{"type": "i32", "value": "65503"}]}, "expected": [{"type": "i64", "value": "0"}]}, 
  {"type": "assert_return", "line": 442, "action": {"type": "invoke", "field": "64_good3", "args": [{"type": "i32", "value": "65503"}]}, "expected": [{"type": "i64", "value": "0"}]}, 
  {"type": "assert_return", "line": 443, "action": {"type": "invoke", "field": "64_good4", "args": [{"type": "i32", "value": "65503"}]}, "expected": [{"type": "i64", "value": "0"}]}, 
  {"type": "assert_return", "line": 444, "action": {"type": "invoke", "field": "64_good5", "args": [{"type": "i32", "value": "65503"}]}, "expected": [{"type": "i64", "value": "0"}]}, 
  {"type": "assert_return", "line": 446, "action": {"type": "invoke", "field": "8u_good1", "args": [{"type": "i32", "value": "65504"}]}, "expected": [{"type": "i64", "value": "0"}]}, 
  {"type": "assert_return", "line": 447, "action": {"type": "invoke", "field": "8u_good2", "args": [{"type": "i32", "value": "65504"}]}, "expected": [{"type": "i64", "value": "0"}]}, 
  {"type": "assert_return", "line": 448, "action": {"type": "invoke", "field": "8u_good3", "args": [{"type": "i32", "value": "65504"}]}, "expected": [{"type": "i64", "value": "0"}]}, 
  {"type": "assert_return", "line": 449, "action": {"type": "invoke", "field": "8u_good4", "args": [{"type": "i32", "value": "65504"}]}, "expected": [{"type": "i64", "value": "0"}]}, 
  {"type": "assert_return", "line": 450, "action": {"type": "invoke", "field": "8u_good5", "args": [{"type": "i32", "value": "65504"}]}, "expected": [{"type": "i64", "value": "0"}]}, 
  {"type": "assert_return", "line": 452, "action": {"type": "invoke", "field": "8s_good1", "args": [{"type": "i32", "value": "65504"}]}, "expected": [{"type": "i64", "value": "0"}]}, 
  {"type": "assert_return", "line": 453, "action": {"type": "invoke", "field": "8s_good2", "args": [{"type": "i32", "value": "65504"}]}, "expected": [{"type": "i64", "value": "0"}]}, 
  {"type": "assert_return", "line": 454, "action": {"type": "invoke", "field": "8s_good3", "args": [{"type": "i32", "value": "65504"}]}, "expected": [{"type": "i64", "value": "0"}]}, 
  {"type": "assert_return", "line": 455, "action": {"type": "invoke", "field": "8s_good4", "args": [{"type": "i32", "value": "65504"}]}, "expected": [{"type": "i64", "value": "0"}]}, 
  {"type": "assert_return", "line": 456, "action": {"type": "invoke", "field": "8s_good5", "args": [{"type": "i32", "value": "65504"}]}, "expected": [{"type": "i64", "value": "0"}]}, 
  {"type": "assert_return", "line": 458, "action": {"type": "invoke", "field": "16u_good1", "args": [{"type": "i32", "value": "65504"}]}, "expected": [{"type": "i64", "value": "0"}]}, 
  {"type": "assert_return", "line": 459, "action": {"type": "invoke", "field": "16u_good2", "args": [{"type": "i32", "value": "65504"}]}, "expected": [{"type": "i64", "value": "0"}]}, 
  {"type": "assert_return", "line": 460, "action": {"type": "invoke", "field": "16u_good3", "args": [{"type": "i32", "value": "65504"}]}, "expected": [{"type": "i64", "value": "0"}]}, 
  {"type": "assert_return", "line": 461, "action": {"type": "invoke", "field": "16u_good4", "args": [{"type": "i32", "value": "65504"}]}, "expected": [{"type": "i64", "value": "0"}]}, 
  {"type": "assert_return", "line": 462, "action": {"type": "invoke", "field": "16u_good5", "args": [{"type": "i32", "value": "65504"}]}, "expected": [{"type": "i64", "value": "0"}]}, 
  {"type": "assert_return", "line": 464, "action": {"type": "invoke", "field": "16s_good1", "args": [{"type": "i32", "value": "65504"}]}, "expected": [{"type": "i64", "value": "0"}]}, 
  {"type": "assert_return", "line": 465, "action": {"type": "invoke", "field": "16s_good2", "args": [{"type": "i32", "value": "65504"}]}, "expected": [{"type": "i64", "value": "0"}]}, 
  {"type": "assert_return", "line": 466, "action": {"type": "invoke", "field": "16s_good3", "args": [{"type": "i32", "value": "65504"}]}, "expected": [{"type": "i64", "value": "0"}]}, 
  {"type": "assert_return", "line": 467, "action": {"type": "invoke", "field": "16s_good4", "args": [{"type": "i32", "value": "65504"}]}, "expected": [{"type": "i64", "value": "0"}]}, 
  {"type": "assert_return", "line": 468, "action": {"type": "invoke", "field": "16s_good5", "args": [{"type": "i32", "value": "65504"}]}, "expected": [{"type": "i64", "value": "0"}]}, 
  {"type": "assert_return", "line": 470, "action": {"type": "invoke", "field": "32u_good1", "args": [{"type": "i32", "value": "65504"}]}, "expected": [{"type": "i64", "value": "0"}]}, 
  {"type": "assert_return", "line": 471, "action": {"type": "invoke", "field": "32u_good2", "args": [{"type": "i32", "value": "65504"}]}, "expected": [{"type": "i64", "value": "0"}]}, 
  {"type": "assert_return", "line": 472, "action": {"type": "invoke", "field": "32u_good3", "args": [{"type": "i32", "value": "65504"}]}, "expected": [{"type": "i64", "value": "0"}]}, 
  {"type": "assert_return", "line": 473, "action": {"type": "invoke", "field": "32u_good4", "args": [{"type": "i32", "value": "65504"}]}, "expected": [{"type": "i64", "value": "0"}]}, 
  {"type": "assert_return", "line": 474, "action": {"type": "invoke", "field": "32u_good5", "args": [{"type": "i32", "value": "65504"}]}, "expected": [{"type": "i64", "value": "0"}]}, 
  {"type": "assert_return", "line": 476, "action": {"type": "invoke", "field": "32s_good1", "args": [{"type": "i32", "value": "65504"}]}, "expected": [{"type": "i64", "value": "0"}]}, 
  {"type": "assert_return", "line": 477, "action": {"type": "invoke", "field": "32s_good2", "args": [{"type": "i32", "value": "65504"}]}, "expected": [{"type": "i64", "value": "0"}]}, 
  {"type": "assert_return", "line": 478, "action": {"type": "invoke", "field": "32s_good3", "args": [{"type": "i32", "value": "65504"}]}, "expected": [{"type": "i64", "value": "0"}]}, 
  {"type": "assert_return", "line": 479, "action": {"type": "invoke", "field": "32s_good4", "args": [{"type": "i32", "value": "65504"}]}, "expected": [{"type": "i64", "value": "0"}]}, 
  {"type": "assert_return", "line": 480, "action": {"type": "invoke", "field": "32s_good5", "args": [{"type": "i32", "value": "65504"}]}, "expected": [{"type": "i64", "value": "0"}]}, 
  {"type": "assert_return", "line": 482, "action": {"type": "invoke", "field": "64_good1", "args": [{"type": "i32", "value": "65504"}]}, "expected": [{"type": "i64", "value": "0"}]}, 
  {"type": "assert_return", "line": 483, "action": {"type": "invoke", "field": "64_good2", "args": [{"type": "i32", "value": "65504"}]}, "expected": [{"type": "i64", "value": "0"}]}, 
  {"type": "assert_return", "line": 484, "action": {"type": "invoke", "field": "64_good3", "args": [{"type": "i32", "value": "65504"}]}, "expected": [{"type": "i64", "value": "0"}]}, 
  {"type": "assert_return", "line": 485, "action": {"type": "invoke", "field": "64_good4", "args": [{"type": "i32", "value": "65504"}]}, "expected": [{"type": "i64", "value": "0"}]}, 
  {"type": "assert_trap", "line": 486, "action": {"type": "invoke", "field": "64_good5", "args": [{"type": "i32", "value": "65504"}]}, "text": "out of bounds memory access", "expected": [{"type": "i64"}]}, 
  {"type": "assert_trap", "line": 488, "action": {"type": "invoke", "field": "8u_good3", "args": [{"type": "i32", "value": "4294967295"}]}, "text": "out of bounds memory access", "expected": [{"type": "i64"}]}, 
  {"type": "assert_trap", "line": 489, "action": {"type": "invoke", "field": "8s_good3", "args": [{"type": "i32", "value": "4294967295"}]}, "text": "out of bounds memory access", "expected": [{"type": "i64"}]}, 
  {"type": "assert_trap", "line": 490, "action": {"type": "invoke", "field": "16u_good3", "args": [{"type": "i32", "value": "4294967295"}]}, "text": "out of bounds memory access", "expected": [{"type": "i64"}]}, 
  {"type": "assert_trap", "line": 491, "action": {"type": "invoke", "field": "16s_good3", "args": [{"type": "i32", "value": "4294967295"}]}, "text": "out of bounds memory access", "expected": [{"type": "i64"}]}, 
  {"type": "assert_trap", "line": 492, "action": {"type": "invoke", "field": "32u_good3", "args": [{"type": "i32", "value": "4294967295"}]}, "text": "out of bounds memory access", "expected": [{"type": "i64"}]}, 
  {"type": "assert_trap", "line": 493, "action": {"type": "invoke", "field": "32s_good3", "args": [{"type": "i32", "value": "4294967295"}]}, "text": "out of bounds memory access", "expected": [{"type": "i64"}]}, 
  {"type": "assert_trap", "line": 494, "action": {"type": "invoke", "field": "64_good3", "args": [{"type": "i32", "value": "4294967295"}]}, "text": "out of bounds memory access", "expected": [{"type": "i64"}]}, 
  {"type": "assert_trap", "line": 496, "action": {"type": "invoke", "field": "8u_bad", "args": [{"type": "i32", "value": "0"}]}, "text": "out of bounds memory access", "expected": []}, 
  {"type": "assert_trap", "line": 497, "action": {"type": "invoke", "field": "8s_bad", "args": [{"type": "i32", "value": "0"}]}, "text": "out of bounds memory access", "expected": []}, 
  {"type": "assert_trap", "line": 498, "action": {"type": "invoke", "field": "16u_bad", "args": [{"type": "i32", "value": "0"}]}, "text": "out of bounds memory access", "expected": []}, 
  {"type": "assert_trap", "line": 499, "action": {"type": "invoke", "field": "16s_bad", "args": [{"type": "i32", "value": "0"}]}, "text": "out of bounds memory access", "expected": []}, 
  {"type": "assert_trap", "line": 500, "action": {"type": "invoke", "field": "32u_bad", "args": [{"type": "i32", "value": "0"}]}, "text": "out of bounds memory access", "expected": []}, 
  {"type": "assert_trap", "line": 501, "action": {"type": "invoke", "field": "32s_bad", "args": [{"type": "i32", "value": "0"}]}, "text": "out of bounds memory access", "expected": []}, 
  {"type": "assert_trap", "line": 502, "action": {"type": "invoke", "field": "64_bad", "args": [{"type": "i32", "value": "0"}]}, "text": "out of bounds memory access", "expected": []}, 
  {"type": "assert_trap", "line": 504, "action": {"type": "invoke", "field": "8u_bad", "args": [{"type": "i32", "value": "1"}]}, "text": "out of bounds memory access", "expected": []}, 
  {"type": "assert_trap", "line": 505, "action": {"type": "invoke", "field": "8s_bad", "args": [{"type": "i32", "value": "1"}]}, "text": "out of bounds memory access", "expected": []}, 
  {"type": "assert_trap", "line": 506, "action": {"type": "invoke", "field": "16u_bad", "args": [{"type": "i32", "value": "1"}]}, "text": "out of bounds memory access", "expected": []}, 
  {"type": "assert_trap", "line": 507, "action": {"type": "invoke", "field": "16s_bad", "args": [{"type": "i32", "value": "1"}]}, "text": "out of bounds memory access", "expected": []}, 
  {"type": "assert_trap", "line": 508, "action": {"type": "invoke", "field": "32u_bad", "args": [{"type": "i32", "value": "0"}]}, "text": "out of bounds memory access", "expected": []}, 
  {"type": "assert_trap", "line": 509, "action": {"type": "invoke", "field": "32s_bad", "args": [{"type": "i32", "value": "0"}]}, "text": "out of bounds memory access", "expected": []}, 
  {"type": "assert_trap", "line": 510, "action": {"type": "invoke", "field": "64_bad", "args": [{"type": "i32", "value": "1"}]}, "text": "out of bounds memory access", "expected": []}, 
  {"type": "module", "line": 514, "filename": "address.3.wasm"}, 
  {"type": "assert_return", "line": 538, "action": {"type": "invoke", "field": "32_good1", "args": [{"type": "i32", "value": "0"}]}, "expected": [{"type": "f32", "value": "0"}]}, 
  {"type": "assert_return", "line": 539, "action": {"type": "invoke", "field": "32_good2", "args": [{"type": "i32", "value": "0"}]}, "expected": [{"type": "f32", "value": "0"}]}, 
  {"type": "assert_return", "line": 540, "action": {"type": "invoke", "field": "32_good3", "args": [{"type": "i32", "value": "0"}]}, "expected": [{"type": "f32", "value": "0"}]}, 
  {"type": "assert_return", "line": 541, "action": {"type": "invoke", "field": "32_good4", "args": [{"type": "i32", "value": "0"}]}, "expected": [{"type": "f32", "value": "0"}]}, 
  {"type": "assert_return", "line": 542, "action": {"type": "invoke", "field": "32_good5", "args": [{"type": "i32", "value": "0"}]}, "expected": [{"type": "f32", "value": "2144337921"}]}, 
  {"type": "assert_return", "line": 544, "action": {"type": "invoke", "field": "32_good1", "args": [{"type": "i32", "value": "65524"}]}, "expected": [{"type": "f32", "value": "0"}]}, 
  {"type": "assert_return", "line": 545, "action": {"type": "invoke", "field": "32_good2", "args": [{"type": "i32", "value": "65524"}]}, "expected": [{"type": "f32", "value": "0"}]}, 
  {"type": "assert_return", "line": 546, "action": {"type": "invoke", "field": "32_good3", "args": [{"type": "i32", "value": "65524"}]}, "expected": [{"type": "f32", "value": "0"}]}, 
  {"type": "assert_return", "line": 547, "action": {"type": "invoke", "field": "32_good4", "args": [{"type": "i32", "value": "65524"}]}, "expected": [{"type": "f32", "value": "0"}]}, 
  {"type": "assert_return", "line": 548, "action": {"type": "invoke", "field": "32_good5", "args": [{"type": "i32", "value": "65524"}]}, "expected": [{"type": "f32", "value": "0"}]}, 
  {"type": "assert_return", "line": 550, "action": {"type": "invoke", "field": "32_good1", "args": [{"type": "i32", "value": "65525"}]}, "expected": [{"type": "f32", "value": "0"}]}, 
  {"type": "assert_return", "line": 551, "action": {"type": "invoke", "field": "32_good2", "args": [{"type": "i32", "value": "65525"}]}, "expected": [{"type": "f32", "value": "0"}]}, 
  {"type": "assert_return", "line": 552, "action": {"type": "invoke", "field": "32_good3", "args": [{"type": "i32", "value": "65525"}]}, "expected": [{"type": "f32", "value": "0"}]}, 
  {"type": "assert_return", "line": 553, "action": {"type": "invoke", "field": "32_good4", "args": [{"type": "i32", "value": "65525"}]}, "expected": [{"type": "f32", "value": "0"}]}, 
  {"type": "assert_trap", "line": 554, "action": {"type": "invoke", "field": "32_good5", "args": [{"type": "i32", "value": "65525"}]}, "text": "out of bounds memory access", "expected": [{"type": "f32"}]}, 
  {"type": "assert_trap", "line": 556, "action": {"type": "invoke", "field": "32_good3", "args": [{"type": "i32", "value": "4294967295"}]}, "text": "out of bounds memory access", "expected": [{"type": "f32"}]}, 
  {"type": "assert_trap", "line": 557, "action": {"type": "invoke", "field": "32_good3", "args": [{"type": "i32", "value": "4294967295"}]}, "text": "out of bounds memory access", "expected": [{"type": "f32"}]}, 
  {"type": "assert_trap", "line": 559, "action": {"type": "invoke", "field": "32_bad", "args": [{"type": "i32", "value": "0"}]}, "text": "out of bounds memory access", "expected": []}, 
  {"type": "assert_trap", "line": 560, "action": {"type": "invoke", "field": "32_bad", "args": [{"type": "i32", "value": "1"}]}, "text": "out of bounds memory access", "expected": []}, 
  {"type": "module", "line": 564, "filename": "address.4.wasm"}, 
  {"type": "assert_return", "line": 588, "action": {"type": "invoke", "field": "64_good1", "args": [{"type": "i32", "value": "0"}]}, "expected": [{"type": "f64", "value": "0"}]}, 
  {"type": "assert_return", "line": 589, "action": {"type": "invoke", "field": "64_good2", "args": [{"type": "i32", "value": "0"}]}, "expected": [{"type": "f64", "value": "0"}]}, 
  {"type": "assert_return", "line": 590, "action": {"type": "invoke", "field": "64_good3", "args": [{"type": "i32", "value": "0"}]}, "expected": [{"type": "f64", "value": "0"}]}, 
  {"type": "assert_return", "line": 591, "action": {"type": "invoke", "field": "64_good4", "args": [{"type": "i32", "value": "0"}]}, "expected": [{"type": "f64", "value": "0"}]}, 
  {"type": "assert_return", "line": 592, "action": {"type": "invoke", "field": "64_good5", "args": [{"type": "i32", "value": "0"}]}, "expected": [{"type": "f64", "value": "9222246136947933185"}]}, 
  {"type": "assert_return", "line": 594, "action": {"type": "invoke", "field": "64_good1", "args": [{"type": "i32", "value": "65510"}]}, "expected": [{"type": "f64", "value": "0"}]}, 
  {"type": "assert_return", "line": 595, "action": {"type": "invoke", "field": "64_good2", "args": [{"type": "i32", "value": "65510"}]}, "expected": [{"type": "f64", "value": "0"}]}, 
  {"type": "assert_return", "line": 596, "action": {"type": "invoke", "field": "64_good3", "args": [{"type": "i32", "value": "65510"}]}, "expected": [{"type": "f64", "value": "0"}]}, 
  {"type": "assert_return", "line": 597, "action": {"type": "invoke", "field": "64_good4", "args": [{"type": "i32", "value": "65510"}]}, "expected": [{"type": "f64", "value": "0"}]}, 
  {"type": "assert_return", "line": 598, "action": {"type": "invoke", "field": "64_good5", "args": [{"type": "i32", "value": "65510"}]}, "expected": [{"type": "f64", "value": "0"}]}, 
  {"type": "assert_return", "line": 600, "action": {"type": "invoke", "field": "64_good1", "args": [{"type": "i32", "value": "65511"}]}, "expected": [{"type": "f64", "value": "0"}]}, 
  {"type": "assert_return", "line": 601, "action": {"type": "invoke", "field": "64_good2", "args": [{"type": "i32", "value": "65511"}]}, "expected": [{"type": "f64", "value": "0"}]}, 
  {"type": "assert_return", "line": 602, "action": {"type": "invoke", "field": "64_good3", "args": [{"type": "i32", "value": "65511"}]}, "expected": [{"type": "f64", "value": "0"}]}, 
  {"type": "assert_return", "line": 603, "action": {"type": "invoke", "field": "64_good4", "args": [{"type": "i32", "value": "65511"}]}, "expected": [{"type": "f64", "value": "0"}]}, 
  {"type": "assert_trap", "line": 604, "action": {"type": "invoke", "field": "64_good5", "args": [{"type": "i32", "value": "65511"}]}, "text": "out of bounds memory access", "expected": [{"type": "f64"}]}, 
  {"type": "assert_trap", "line": 606, "action": {"type": "invoke", "field": "64_good3", "args": [{"type": "i32", "value": "4294967295"}]}, "text": "out of bounds memory access", "expected": [{"type": "f64"}]}, 
  {"type": "assert_trap", "line": 607, "action": {"type": "invoke", "field": "64_good3", "args": [{"type": "i32", "value": "4294967295"}]}, "text": "out of bounds memory access", "expected": [{"type": "f64"}]}, 
  {"type": "assert_trap", "line": 609, "action": {"type": "invoke", "field": "64_bad", "args": [{"type": "i32", "value": "0"}]}, "text": "out of bounds memory access", "expected": []}, 
  {"type": "assert_trap", "line": 610, "action": {"type": "invoke", "field": "64_bad", "args": [{"type": "i32", "value": "1"}]}, "text": "out of bounds memory access", "expected": []}]}
