{"source_filename": "binary.wast",
 "commands": [
  {"type": "module", "line": 1, "filename": "binary.0.wasm"}, 
  {"type": "module", "line": 2, "filename": "binary.1.wasm"}, 
  {"type": "module", "line": 3, "name": "$M1", "filename": "binary.2.wasm"}, 
  {"type": "module", "line": 4, "name": "$M2", "filename": "binary.3.wasm"}, 
  {"type": "assert_malformed", "line": 6, "filename": "binary.4.wasm", "text": "unexpected end", "module_type": "binary"}, 
  {"type": "assert_malformed", "line": 7, "filename": "binary.5.wasm", "text": "unexpected end", "module_type": "binary"}, 
  {"type": "assert_malformed", "line": 8, "filename": "binary.6.wasm", "text": "unexpected end", "module_type": "binary"}, 
  {"type": "assert_malformed", "line": 9, "filename": "binary.7.wasm", "text": "magic header not detected", "module_type": "binary"}, 
  {"type": "assert_malformed", "line": 10, "filename": "binary.8.wasm", "text": "magic header not detected", "module_type": "binary"}, 
  {"type": "assert_malformed", "line": 11, "filename": "binary.9.wasm", "text": "magic header not detected", "module_type": "binary"}, 
  {"type": "assert_malformed", "line": 12, "filename": "binary.10.wasm", "text": "magic header not detected", "module_type": "binary"}, 
  {"type": "assert_malformed", "line": 13, "filename": "binary.11.wasm", "text": "magic header not detected", "module_type": "binary"}, 
  {"type": "assert_malformed", "line": 14, "filename": "binary.12.wasm", "text": "magic header not detected", "module_type": "binary"}, 
  {"type": "assert_malformed", "line": 15, "filename": "binary.13.wasm", "text": "magic header not detected", "module_type": "binary"}, 
  {"type": "assert_malformed", "line": 16, "filename": "binary.14.wasm", "text": "magic header not detected", "module_type": "binary"}, 
  {"type": "assert_malformed", "line": 17, "filename": "binary.15.wasm", "text": "magic header not detected", "module_type": "binary"}, 
  {"type": "assert_malformed", "line": 18, "filename": "binary.16.wasm", "text": "magic header not detected", "module_type": "binary"}, 
  {"type": "assert_malformed", "line": 21, "filename": "binary.17.wasm", "text": "magic header not detected", "module_type": "binary"}, 
  {"type": "assert_malformed", "line": 24, "filename": "binary.18.wasm", "text": "magic header not detected", "module_type": "binary"}, 
  {"type": "assert_malformed", "line": 25, "filename": "binary.19.wasm", "text": "magic header not detected", "module_type": "binary"}, 
  {"type": "assert_malformed", "line": 28, "filename": "binary.20.wasm", "text": "magic header not detected", "module_type": "binary"}, 
  {"type": "assert_malformed", "line": 31, "filename": "binary.21.wasm", "text": "magic header not detected", "module_type": "binary"}, 
  {"type": "assert_malformed", "line": 34, "filename": "binary.22.wasm", "text": "magic header not detected", "module_type": "binary"}, 
  {"type": "assert_malformed", "line": 37, "filename": "binary.23.wasm", "text": "unexpected end", "module_type": "binary"}, 
  {"type": "assert_malformed", "line": 38, "filename": "binary.24.wasm", "text": "unexpected end", "module_type": "binary"}, 
  {"type": "assert_malformed", "line": 39, "filename": "binary.25.wasm", "text": "unexpected end", "module_type": "binary"}, 
  {"type": "assert_malformed", "line": 40, "filename": "binary.26.wasm", "text": "unknown binary version", "module_type": "binary"}, 
  {"type": "assert_malformed", "line": 41, "filename": "binary.27.wasm", "text": "unknown binary version", "module_type": "binary"}, 
  {"type": "assert_malformed", "line": 42, "filename": "binary.28.wasm", "text": "unknown binary version", "module_type": "binary"}, 
  {"type": "assert_malformed", "line": 43, "filename": "binary.29.wasm", "text": "unknown binary version", "module_type": "binary"}, 
  {"type": "assert_malformed", "line": 44, "filename": "binary.30.wasm", "text": "unknown binary version", "module_type": "binary"}, 
  {"type": "assert_malformed", "line": 45, "filename": "binary.31.wasm", "text": "unknown binary version", "module_type": "binary"}, 
  {"type": "assert_malformed", "line": 48, "filename": "binary.32.wasm", "text": "malformed section id", "module_type": "binary"}, 
  {"type": "assert_malformed", "line": 49, "filename": "binary.33.wasm", "text": "malformed section id", "module_type": "binary"}, 
  {"type": "assert_malformed", "line": 50, "filename": "binary.34.wasm", "text": "malformed section id", "module_type": "binary"}, 
  {"type": "assert_malformed", "line": 51, "filename": "binary.35.wasm", "text": "malformed section id", "module_type": "binary"}, 
  {"type": "assert_malformed", "line": 52, "filename": "binary.36.wasm", "text": "malformed section id", "module_type": "binary"}, 
  {"type": "assert_malformed", "line": 56, "filename": "binary.37.wasm", "text": "END opcode expected", "module_type": "binary"}, 
  {"type": "assert_malformed", "line": 77, "filename": "binary.38.wasm", "text": "unexpected end of section or function", "module_type": "binary"}, 
  {"type": "assert_malformed", "line": 93, "filename": "binary.39.wasm", "text": "section size mismatch", "module_type": "binary"}, 
  {"type": "assert_malformed", "line": 113, "filename": "binary.40.wasm", "text": "illegal opcode", "module_type": "binary"}, 
  {"type": "assert_malformed", "line": 126, "filename": "binary.41.wasm", "text": "zero byte expected", "module_type": "binary"}, 
  {"type": "assert_malformed", "line": 146, "filename": "binary.42.wasm", "text": "zero byte expected", "module_type": "binary"}, 
  {"type": "assert_malformed", "line": 166, "filename": "binary.43.wasm", "text": "zero byte expected", "module_type": "binary"}, 
  {"type": "assert_malformed", "line": 185, "filename": "binary.44.wasm", "text": "zero byte expected", "module_type": "binary"}, 
  {"type": "assert_malformed", "line": 204, "filename": "binary.45.wasm", "text": "zero byte expected", "module_type": "binary"}, 
  {"type": "assert_malformed", "line": 224, "filename": "binary.46.wasm", "text": "zero byte expected", "module_type": "binary"}, 
  {"type": "assert_malformed", "line": 243, "filename": "binary.47.wasm", "text": "zero byte expected", "module_type": "binary"}, 
  {"type": "assert_malformed", "line": 262, "filename": "binary.48.wasm", "text": "zero byte expected", "module_type": "binary"}, 
  {"type": "assert_malformed", "line": 280, "filename": "binary.49.wasm", "text": "zero byte expected", "module_type": "binary"}, 
  {"type": "assert_malformed", "line": 298, "filename": "binary.50.wasm", "text": "zero byte expected", "module_type": "binary"}, 
  {"type": "assert_malformed", "line": 317, "filename": "binary.51.wasm", "text": "integer too large", "module_type": "binary"}, 
  {"type": "assert_malformed", "line": 334, "filename": "binary.52.wasm", "text": "integer too large", "module_type": "binary"}, 
  {"type": "assert_malformed", "line": 351, "filename": "binary.53.wasm", "text": "too many locals", "module_type": "binary"}, 
  {"type": "assert_malformed", "line": 367, "filename": "binary.54.wasm", "text": "too many locals", "module_type": "binary"}, 
  {"type": "module", "line": 385, "filename": "binary.55.wasm"}, 
  {"type": "assert_malformed", "line": 401, "filename": "binary.56.wasm", "text": "function and code section have inconsistent lengths", "module_type": "binary"}, 
  {"type": "assert_malformed", "line": 411, "filename": "binary.57.wasm", "text": "function and code section have inconsistent lengths", "module_type": "binary"}, 
  {"type": "assert_malformed", "line": 420, "filename": "binary.58.wasm", "text": "function and code section have inconsistent lengths", "module_type": "binary"}, 
  {"type": "assert_malformed", "line": 431, "filename": "binary.59.wasm", "text": "function and code section have inconsistent lengths", "module_type": "binary"}, 
  {"type": "module", "line": 441, "filename": "binary.60.wasm"}, 
  {"type": "module", "line": 447, "filename": "binary.61.wasm"}, 
  {"type": "assert_malformed", "line": 454, "filename": "binary.62.wasm", "text": "data count and data section have inconsistent lengths", "module_type": "binary"}, 
  {"type": "assert_malformed", "line": 466, "filename": "binary.63.wasm", "text": "data count and data section have inconsistent lengths", "module_type": "binary"}, 
  {"type": "assert_malformed", "line": 478, "filename": "binary.64.wasm", "text": "data count and data section have inconsistent lengths", "module_type": "binary"}, 
  {"type": "module", "line": 487, "filename": "binary.65.wasm"}, 
  {"type": "assert_malformed", "line": 494, "filename": "binary.66.wasm", "text": "data count section required", "module_type": "binary"}, 
  {"type": "assert_malformed", "line": 517, "filename": "binary.67.wasm", "text": "data count section required", "module_type": "binary"}, 
  {"type": "assert_malformed", "line": 537, "filename": "binary.68.wasm", "text": "illegal opcode", "module_type": "binary"}, 
  {"type": "assert_malformed", "line": 565, "filename": "binary.69.wasm", "text": "malformed reference type", "module_type": "binary"}, 
  {"type": "module", "line": 592, "filename": "binary.70.wasm"}, 
  {"type": "module", "line": 617, "filename": "binary.71.wasm"}, 
  {"type": "module", "line": 643, "filename": "binary.72.wasm"}, 
  {"type": "assert_malformed", "line": 650, "filename": "binary.73.wasm", "text": "length out of bounds", "module_type": "binary"}, 
  {"type": "assert_malformed", "line": 661, "filename": "binary.74.wasm", "text": "section size mismatch", "module_type": "binary"}, 
  {"type": "module", "line": 671, "filename": "binary.75.wasm"}, 
  {"type": "assert_malformed", "line": 680, "filename": "binary.76.wasm", "text": "malformed import kind", "module_type": "binary"}, 
  {"type": "assert_malformed", "line": 690, "filename": "binary.77.wasm", "text": "malformed import kind", "module_type": "binary"}, 
  {"type": "assert_malformed", "line": 701, "filename": "binary.78.wasm", "text": "malformed import kind", "module_type": "binary"}, 
  {"type": "assert_malformed", "line": 711, "filename": "binary.79.wasm", "text": "malformed import kind", "module_type": "binary"}, 
  {"type": "assert_malformed", "line": 722, "filename": "binary.80.wasm", "text": "malformed import kind", "module_type": "binary"}, 
  {"type": "assert_malformed", "line": 732, "filename": "binary.81.wasm", "text": "malformed import kind", "module_type": "binary"}, 
  {"type": "assert_malformed", "line": 745, "filename": "binary.82.wasm", "text": "unexpected end of section or function", "module_type": "binary"}, 
  {"type": "assert_malformed", "line": 764, "filename": "binary.83.wasm", "text": "section size mismatch", "module_type": "binary"}, 
  {"type": "module", "line": 788, "filename": "binary.84.wasm"}, 
  {"type": "assert_malformed", "line": 795, "filename": "binary.85.wasm", "text": "unexpected end of section or function", "module_type": "binary"}, 
  {"type": "assert_malformed", "line": 805, "filename": "binary.86.wasm", "text": "integer too large", "module_type": "binary"}, 
  {"type": "assert_malformed", "line": 814, "filename": "binary.87.wasm", "text": "integer too large", "module_type": "binary"}, 
  {"type": "assert_malformed", "line": 824, "filename": "binary.88.wasm", "text": "integer representation too long", "module_type": "binary"}, 
  {"type": "module", "line": 835, "filename": "binary.89.wasm"}, 
  {"type": "assert_malformed", "line": 842, "filename": "binary.90.wasm", "text": "unexpected end of section or function", "module_type": "binary"}, 
  {"type": "assert_malformed", "line": 852, "filename": "binary.91.wasm", "text": "integer too large", "module_type": "binary"}, 
  {"type": "assert_malformed", "line": 860, "filename": "binary.92.wasm", "text": "integer too large", "module_type": "binary"}, 
  {"type": "assert_malformed", "line": 869, "filename": "binary.93.wasm", "text": "integer representation too long", "module_type": "binary"}, 
  {"type": "assert_malformed", "line": 878, "filename": "binary.94.wasm", "text": "integer representation too long", "module_type": "binary"}, 
  {"type": "module", "line": 888, "filename": "binary.95.wasm"}, 
  {"type": "assert_malformed", "line": 895, "filename": "binary.96.wasm", "text": "unexpected end of section or function", "module_type": "binary"}, 
  {"type": "assert_malformed", "line": 906, "filename": "binary.97.wasm", "text": "section size mismatch", "module_type": "binary"}, 
  {"type": "module", "line": 916, "filename": "binary.98.wasm"}, 
  {"type": "assert_malformed", "line": 929, "filename": "binary.99.wasm", "text": "length out of bounds", "module_type": "binary"}, 
  {"type": "assert_malformed", "line": 950, "filename": "binary.100.wasm", "text": "section size mismatch", "module_type": "binary"}, 
  {"type": "module", "line": 970, "filename": "binary.101.wasm"}, 
  {"type": "assert_malformed", "line": 984, "filename": "binary.102.wasm", "text": "unexpected end", "module_type": "binary"}, 
  {"type": "assert_malformed", "line": 1000, "filename": "binary.103.wasm", "text": "unexpected end", "module_type": "binary"}, 
  {"type": "assert_malformed", "line": 1017, "filename": "binary.104.wasm", "text": "section size mismatch", "module_type": "binary"}, 
  {"type": "module", "line": 1034, "filename": "binary.105.wasm"}, 
  {"type": "assert_malformed", "line": 1043, "filename": "binary.106.wasm", "text": "unexpected end of section or function", "module_type": "binary"}, 
  {"type": "assert_malformed", "line": 1056, "filename": "binary.107.wasm", "text": "section size mismatch", "module_type": "binary"}, 
  {"type": "assert_malformed", "line": 1069, "filename": "binary.108.wasm", "text": "unexpected end of section or function", "module_type": "binary"}, 
  {"type": "assert_malformed", "line": 1083, "filename": "binary.109.wasm", "text": "section size mismatch", "module_type": "binary"}, 
  {"type": "module", "line": 1096, "filename": "binary.110.wasm"}, 
  {"type": "assert_malformed", "line": 1114, "filename": "binary.111.wasm", "text": "unexpected end", "module_type": "binary"}, 
  {"type": "module", "line": 1147, "filename": "binary.112.wasm"}, 
  {"type": "assert_malformed", "line": 1161, "filename": "binary.113.wasm", "text": "unexpected content after last section", "module_type": "binary"}, 
  {"type": "assert_malformed", "line": 1178, "filename": "binary.114.wasm", "text": "unexpected content after last section", "module_type": "binary"}, 
  {"type": "assert_malformed", "line": 1190, "filename": "binary.115.wasm", "text": "unexpected content after last section", "module_type": "binary"}, 
  {"type": "assert_malformed", "line": 1202, "filename": "binary.116.wasm", "text": "unexpected content after last section", "module_type": "binary"}, 
  {"type": "assert_malformed", "line": 1212, "filename": "binary.117.wasm", "text": "unexpected content after last section", "module_type": "binary"}, 
  {"type": "assert_malformed", "line": 1222, "filename": "binary.118.wasm", "text": "unexpected content after last section", "module_type": "binary"}, 
  {"type": "assert_malformed", "line": 1232, "filename": "binary.119.wasm", "text": "unexpected content after last section", "module_type": "binary"}, 
  {"type": "assert_malformed", "line": 1242, "filename": "binary.120.wasm", "text": "unexpected content after last section", "module_type": "binary"}, 
  {"type": "assert_malformed", "line": 1252, "filename": "binary.121.wasm", "text": "unexpected content after last section", "module_type": "binary"}, 
  {"type": "assert_malformed", "line": 1262, "filename": "binary.122.wasm", "text": "unexpected content after last section", "module_type": "binary"}, 
  {"type": "assert_malformed", "line": 1272, "filename": "binary.123.wasm", "text": "unexpected content after last section", "module_type": "binary"}, 
  {"type": "assert_malformed", "line": 1282, "filename": "binary.124.wasm", "text": "unexpected content after last section", "module_type": "binary"}, 
  {"type": "assert_malformed", "line": 1292, "filename": "binary.125.wasm", "text": "unexpected content after last section", "module_type": "binary"}, 
  {"type": "assert_malformed", "line": 1302, "filename": "binary.126.wasm", "text": "unexpected content after last section", "module_type": "binary"}, 
  {"type": "assert_malformed", "line": 1312, "filename": "binary.127.wasm", "text": "unexpected content after last section", "module_type": "binary"}, 
  {"type": "assert_malformed", "line": 1322, "filename": "binary.128.wasm", "text": "unexpected content after last section", "module_type": "binary"}, 
  {"type": "assert_malformed", "line": 1332, "filename": "binary.129.wasm", "text": "unexpected content after last section", "module_type": "binary"}, 
  {"type": "assert_malformed", "line": 1342, "filename": "binary.130.wasm", "text": "unexpected content after last section", "module_type": "binary"}, 
  {"type": "assert_malformed", "line": 1352, "filename": "binary.131.wasm", "text": "unexpected content after last section", "module_type": "binary"}, 
  {"type": "assert_malformed", "line": 1363, "filename": "binary.132.wasm", "text": "unexpected content after last section", "module_type": "binary"}, 
  {"type": "assert_malformed", "line": 1374, "filename": "binary.133.wasm", "text": "unexpected content after last section", "module_type": "binary"}, 
  {"type": "assert_malformed", "line": 1384, "filename": "binary.134.wasm", "text": "unexpected content after last section", "module_type": "binary"}, 
  {"type": "assert_malformed", "line": 1394, "filename": "binary.135.wasm", "text": "unexpected content after last section", "module_type": "binary"}]}
