{"source_filename": "binary-leb128.wast",
 "commands": [
  {"type": "module", "line": 2, "filename": "binary-leb128.0.wasm"}, 
  {"type": "module", "line": 7, "filename": "binary-leb128.1.wasm"}, 
  {"type": "module", "line": 12, "filename": "binary-leb128.2.wasm"}, 
  {"type": "module", "line": 18, "filename": "binary-leb128.3.wasm"}, 
  {"type": "module", "line": 24, "filename": "binary-leb128.4.wasm"}, 
  {"type": "module", "line": 32, "filename": "binary-leb128.5.wasm"}, 
  {"type": "module", "line": 41, "filename": "binary-leb128.6.wasm"}, 
  {"type": "module", "line": 49, "filename": "binary-leb128.7.wasm"}, 
  {"type": "module", "line": 57, "filename": "binary-leb128.8.wasm"}, 
  {"type": "module", "line": 66, "filename": "binary-leb128.9.wasm"}, 
  {"type": "module", "line": 75, "filename": "binary-leb128.10.wasm"}, 
  {"type": "module", "line": 87, "filename": "binary-leb128.11.wasm"}, 
  {"type": "module", "line": 99, "filename": "binary-leb128.12.wasm"}, 
  {"type": "module", "line": 111, "filename": "binary-leb128.13.wasm"}, 
  {"type": "module", "line": 120, "filename": "binary-leb128.14.wasm"}, 
  {"type": "module", "line": 133, "filename": "binary-leb128.15.wasm"}, 
  {"type": "module", "line": 146, "filename": "binary-leb128.16.wasm"}, 
  {"type": "module", "line": 158, "filename": "binary-leb128.17.wasm"}, 
  {"type": "module", "line": 165, "filename": "binary-leb128.18.wasm"}, 
  {"type": "module", "line": 172, "filename": "binary-leb128.19.wasm"}, 
  {"type": "module", "line": 179, "filename": "binary-leb128.20.wasm"}, 
  {"type": "module", "line": 187, "filename": "binary-leb128.21.wasm"}, 
  {"type": "module", "line": 194, "filename": "binary-leb128.22.wasm"}, 
  {"type": "module", "line": 201, "filename": "binary-leb128.23.wasm"}, 
  {"type": "module", "line": 208, "filename": "binary-leb128.24.wasm"}, 
  {"type": "assert_malformed", "line": 218, "filename": "binary-leb128.25.wasm", "text": "integer representation too long", "module_type": "binary"}, 
  {"type": "assert_malformed", "line": 226, "filename": "binary-leb128.26.wasm", "text": "integer representation too long", "module_type": "binary"}, 
  {"type": "assert_malformed", "line": 235, "filename": "binary-leb128.27.wasm", "text": "integer representation too long", "module_type": "binary"}, 
  {"type": "assert_malformed", "line": 246, "filename": "binary-leb128.28.wasm", "text": "integer representation too long", "module_type": "binary"}, 
  {"type": "assert_malformed", "line": 257, "filename": "binary-leb128.29.wasm", "text": "integer representation too long", "module_type": "binary"}, 
  {"type": "assert_malformed", "line": 268, "filename": "binary-leb128.30.wasm", "text": "integer representation too long", "module_type": "binary"}, 
  {"type": "assert_malformed", "line": 279, "filename": "binary-leb128.31.wasm", "text": "integer representation too long", "module_type": "binary"}, 
  {"type": "assert_malformed", "line": 291, "filename": "binary-leb128.32.wasm", "text": "integer representation too long", "module_type": "binary"}, 
  {"type": "assert_malformed", "line": 303, "filename": "binary-leb128.33.wasm", "text": "integer representation too long", "module_type": "binary"}, 
  {"type": "assert_malformed", "line": 318, "filename": "binary-leb128.34.wasm", "text": "integer representation too long", "module_type": "binary"}, 
  {"type": "assert_malformed", "line": 333, "filename": "binary-leb128.35.wasm", "text": "integer representation too long", "module_type": "binary"}, 
  {"type": "assert_malformed", "line": 348, "filename": "binary-leb128.36.wasm", "text": "integer representation too long", "module_type": "binary"}, 
  {"type": "assert_malformed", "line": 360, "filename": "binary-leb128.37.wasm", "text": "integer representation too long", "module_type": "binary"}, 
  {"type": "assert_malformed", "line": 376, "filename": "binary-leb128.38.wasm", "text": "integer representation too long", "module_type": "binary"}, 
  {"type": "assert_malformed", "line": 392, "filename": "binary-leb128.39.wasm", "text": "integer representation too long", "module_type": "binary"}, 
  {"type": "assert_malformed", "line": 405, "filename": "binary-leb128.40.wasm", "text": "integer representation too long", "module_type": "binary"}, 
  {"type": "assert_malformed", "line": 424, "filename": "binary-leb128.41.wasm", "text": "integer representation too long", "module_type": "binary"}, 
  {"type": "assert_malformed", "line": 443, "filename": "binary-leb128.42.wasm", "text": "integer representation too long", "module_type": "binary"}, 
  {"type": "assert_malformed", "line": 462, "filename": "binary-leb128.43.wasm", "text": "integer representation too long", "module_type": "binary"}, 
  {"type": "assert_malformed", "line": 483, "filename": "binary-leb128.44.wasm", "text": "integer representation too long", "module_type": "binary"}, 
  {"type": "assert_malformed", "line": 493, "filename": "binary-leb128.45.wasm", "text": "integer representation too long", "module_type": "binary"}, 
  {"type": "assert_malformed", "line": 504, "filename": "binary-leb128.46.wasm", "text": "integer representation too long", "module_type": "binary"}, 
  {"type": "assert_malformed", "line": 514, "filename": "binary-leb128.47.wasm", "text": "integer representation too long", "module_type": "binary"}, 
  {"type": "assert_malformed", "line": 526, "filename": "binary-leb128.48.wasm", "text": "integer too large", "module_type": "binary"}, 
  {"type": "assert_malformed", "line": 534, "filename": "binary-leb128.49.wasm", "text": "integer too large", "module_type": "binary"}, 
  {"type": "assert_malformed", "line": 542, "filename": "binary-leb128.50.wasm", "text": "integer too large", "module_type": "binary"}, 
  {"type": "assert_malformed", "line": 551, "filename": "binary-leb128.51.wasm", "text": "integer too large", "module_type": "binary"}, 
  {"type": "assert_malformed", "line": 560, "filename": "binary-leb128.52.wasm", "text": "integer too large", "module_type": "binary"}, 
  {"type": "assert_malformed", "line": 571, "filename": "binary-leb128.53.wasm", "text": "integer too large", "module_type": "binary"}, 
  {"type": "assert_malformed", "line": 582, "filename": "binary-leb128.54.wasm", "text": "integer too large", "module_type": "binary"}, 
  {"type": "assert_malformed", "line": 593, "filename": "binary-leb128.55.wasm", "text": "integer too large", "module_type": "binary"}, 
  {"type": "assert_malformed", "line": 604, "filename": "binary-leb128.56.wasm", "text": "integer too large", "module_type": "binary"}, 
  {"type": "assert_malformed", "line": 616, "filename": "binary-leb128.57.wasm", "text": "integer too large", "module_type": "binary"}, 
  {"type": "assert_malformed", "line": 628, "filename": "binary-leb128.58.wasm", "text": "integer too large", "module_type": "binary"}, 
  {"type": "assert_malformed", "line": 643, "filename": "binary-leb128.59.wasm", "text": "integer too large", "module_type": "binary"}, 
  {"type": "assert_malformed", "line": 658, "filename": "binary-leb128.60.wasm", "text": "integer too large", "module_type": "binary"}, 
  {"type": "assert_malformed", "line": 673, "filename": "binary-leb128.61.wasm", "text": "integer too large", "module_type": "binary"}, 
  {"type": "assert_malformed", "line": 686, "filename": "binary-leb128.62.wasm", "text": "integer too large", "module_type": "binary"}, 
  {"type": "assert_malformed", "line": 702, "filename": "binary-leb128.63.wasm", "text": "integer too large", "module_type": "binary"}, 
  {"type": "assert_malformed", "line": 718, "filename": "binary-leb128.64.wasm", "text": "integer too large", "module_type": "binary"}, 
  {"type": "assert_malformed", "line": 731, "filename": "binary-leb128.65.wasm", "text": "integer representation too long", "module_type": "binary"}, 
  {"type": "assert_malformed", "line": 751, "filename": "binary-leb128.66.wasm", "text": "integer representation too long", "module_type": "binary"}, 
  {"type": "assert_malformed", "line": 771, "filename": "binary-leb128.67.wasm", "text": "integer too large", "module_type": "binary"}, 
  {"type": "assert_malformed", "line": 789, "filename": "binary-leb128.68.wasm", "text": "integer too large", "module_type": "binary"}, 
  {"type": "assert_malformed", "line": 808, "filename": "binary-leb128.69.wasm", "text": "integer too large", "module_type": "binary"}, 
  {"type": "assert_malformed", "line": 827, "filename": "binary-leb128.70.wasm", "text": "integer too large", "module_type": "binary"}, 
  {"type": "assert_malformed", "line": 846, "filename": "binary-leb128.71.wasm", "text": "integer representation too long", "module_type": "binary"}, 
  {"type": "assert_malformed", "line": 866, "filename": "binary-leb128.72.wasm", "text": "integer representation too long", "module_type": "binary"}, 
  {"type": "assert_malformed", "line": 888, "filename": "binary-leb128.73.wasm", "text": "integer too large", "module_type": "binary"}, 
  {"type": "assert_malformed", "line": 898, "filename": "binary-leb128.74.wasm", "text": "integer too large", "module_type": "binary"}, 
  {"type": "assert_malformed", "line": 908, "filename": "binary-leb128.75.wasm", "text": "integer too large", "module_type": "binary"}, 
  {"type": "assert_malformed", "line": 918, "filename": "binary-leb128.76.wasm", "text": "integer too large", "module_type": "binary"}, 
  {"type": "assert_malformed", "line": 929, "filename": "binary-leb128.77.wasm", "text": "integer too large", "module_type": "binary"}, 
  {"type": "assert_malformed", "line": 939, "filename": "binary-leb128.78.wasm", "text": "integer too large", "module_type": "binary"}, 
  {"type": "assert_malformed", "line": 949, "filename": "binary-leb128.79.wasm", "text": "integer too large", "module_type": "binary"}, 
  {"type": "assert_malformed", "line": 959, "filename": "binary-leb128.80.wasm", "text": "integer too large", "module_type": "binary"}, 
  {"type": "module", "line": 969, "filename": "binary-leb128.81.wasm"}, 
  {"type": "assert_malformed", "line": 990, "filename": "binary-leb128.82.wasm", "text": "integer representation too long", "module_type": "binary"}, 
  {"type": "module", "line": 1007, "filename": "binary-leb128.83.wasm"}, 
  {"type": "module", "line": 1015, "filename": "binary-leb128.84.wasm"}, 
  {"type": "module", "line": 1024, "filename": "binary-leb128.85.wasm"}, 
  {"type": "module", "line": 1035, "filename": "binary-leb128.86.wasm"}, 
  {"type": "module", "line": 1043, "filename": "binary-leb128.87.wasm"}, 
  {"type": "module", "line": 1052, "filename": "binary-leb128.88.wasm"}, 
  {"type": "module", "line": 1061, "filename": "binary-leb128.89.wasm"}, 
  {"type": "assert_malformed", "line": 1073, "filename": "binary-leb128.90.wasm", "text": "integer representation too long", "module_type": "binary"}]}
