{"source_filename": "br_table.wast",
 "commands": [
  {"type": "module", "line": 3, "filename": "br_table.0.wasm"}, 
  {"type": "assert_return", "line": 1007, "action": {"type": "invoke", "field": "type-i32", "args": []}, "expected": []}, 
  {"type": "assert_return", "line": 1008, "action": {"type": "invoke", "field": "type-i64", "args": []}, "expected": []}, 
  {"type": "assert_return", "line": 1009, "action": {"type": "invoke", "field": "type-f32", "args": []}, "expected": []}, 
  {"type": "assert_return", "line": 1010, "action": {"type": "invoke", "field": "type-f64", "args": []}, "expected": []}, 
  {"type": "assert_return", "line": 1012, "action": {"type": "invoke", "field": "type-i32-value", "args": []}, "expected": [{"type": "i32", "value": "1"}]}, 
  {"type": "assert_return", "line": 1013, "action": {"type": "invoke", "field": "type-i64-value", "args": []}, "expected": [{"type": "i64", "value": "2"}]}, 
  {"type": "assert_return", "line": 1014, "action": {"type": "invoke", "field": "type-f32-value", "args": []}, "expected": [{"type": "f32", "value": "1077936128"}]}, 
  {"type": "assert_return", "line": 1015, "action": {"type": "invoke", "field": "type-f64-value", "args": []}, "expected": [{"type": "f64", "value": "4616189618054758400"}]}, 
  {"type": "assert_return", "line": 1017, "action": {"type": "invoke", "field": "empty", "args": [{"type": "i32", "value": "0"}]}, "expected": [{"type": "i32", "value": "22"}]}, 
  {"type": "assert_return", "line": 1018, "action": {"type": "invoke", "field": "empty", "args": [{"type": "i32", "value": "1"}]}, "expected": [{"type": "i32", "value": "22"}]}, 
  {"type": "assert_return", "line": 1019, "action": {"type": "invoke", "field": "empty", "args": [{"type": "i32", "value": "11"}]}, "expected": [{"type": "i32", "value": "22"}]}, 
  {"type": "assert_return", "line": 1020, "action": {"type": "invoke", "field": "empty", "args": [{"type": "i32", "value": "4294967295"}]}, "expected": [{"type": "i32", "value": "22"}]}, 
  {"type": "assert_return", "line": 1021, "action": {"type": "invoke", "field": "empty", "args": [{"type": "i32", "value": "4294967196"}]}, "expected": [{"type": "i32", "value": "22"}]}, 
  {"type": "assert_return", "line": 1022, "action": {"type": "invoke", "field": "empty", "args": [{"type": "i32", "value": "4294967295"}]}, "expected": [{"type": "i32", "value": "22"}]}, 
  {"type": "assert_return", "line": 1024, "action": {"type": "invoke", "field": "empty-value", "args": [{"type": "i32", "value": "0"}]}, "expected": [{"type": "i32", "value": "33"}]}, 
  {"type": "assert_return", "line": 1025, "action": {"type": "invoke", "field": "empty-value", "args": [{"type": "i32", "value": "1"}]}, "expected": [{"type": "i32", "value": "33"}]}, 
  {"type": "assert_return", "line": 1026, "action": {"type": "invoke", "field": "empty-value", "args": [{"type": "i32", "value": "11"}]}, "expected": [{"type": "i32", "value": "33"}]}, 
  {"type": "assert_return", "line": 1027, "action": {"type": "invoke", "field": "empty-value", "args": [{"type": "i32", "value": "4294967295"}]}, "expected": [{"type": "i32", "value": "33"}]}, 
  {"type": "assert_return", "line": 1028, "action": {"type": "invoke", "field": "empty-value", "args": [{"type": "i32", "value": "4294967196"}]}, "expected": [{"type": "i32", "value": "33"}]}, 
  {"type": "assert_return", "line": 1029, "action": {"type": "invoke", "field": "empty-value", "args": [{"type": "i32", "value": "4294967295"}]}, "expected": [{"type": "i32", "value": "33"}]}, 
  {"type": "assert_return", "line": 1031, "action": {"type": "invoke", "field": "singleton", "args": [{"type": "i32", "value": "0"}]}, "expected": [{"type": "i32", "value": "22"}]}, 
  {"type": "assert_return", "line": 1032, "action": {"type": "invoke", "field": "singleton", "args": [{"type": "i32", "value": "1"}]}, "expected": [{"type": "i32", "value": "20"}]}, 
  {"type": "assert_return", "line": 1033, "action": {"type": "invoke", "field": "singleton", "args": [{"type": "i32", "value": "11"}]}, "expected": [{"type": "i32", "value": "20"}]}, 
  {"type": "assert_return", "line": 1034, "action": {"type": "invoke", "field": "singleton", "args": [{"type": "i32", "value": "4294967295"}]}, "expected": [{"type": "i32", "value": "20"}]}, 
  {"type": "assert_return", "line": 1035, "action": {"type": "invoke", "field": "singleton", "args": [{"type": "i32", "value": "4294967196"}]}, "expected": [{"type": "i32", "value": "20"}]}, 
  {"type": "assert_return", "line": 1036, "action": {"type": "invoke", "field": "singleton", "args": [{"type": "i32", "value": "4294967295"}]}, "expected": [{"type": "i32", "value": "20"}]}, 
  {"type": "assert_return", "line": 1038, "action": {"type": "invoke", "field": "singleton-value", "args": [{"type": "i32", "value": "0"}]}, "expected": [{"type": "i32", "value": "32"}]}, 
  {"type": "assert_return", "line": 1039, "action": {"type": "invoke", "field": "singleton-value", "args": [{"type": "i32", "value": "1"}]}, "expected": [{"type": "i32", "value": "33"}]}, 
  {"type": "assert_return", "line": 1040, "action": {"type": "invoke", "field": "singleton-value", "args": [{"type": "i32", "value": "11"}]}, "expected": [{"type": "i32", "value": "33"}]}, 
  {"type": "assert_return", "line": 1041, "action": {"type": "invoke", "field": "singleton-value", "args": [{"type": "i32", "value": "4294967295"}]}, "expected": [{"type": "i32", "value": "33"}]}, 
  {"type": "assert_return", "line": 1042, "action": {"type": "invoke", "field": "singleton-value", "args": [{"type": "i32", "value": "4294967196"}]}, "expected": [{"type": "i32", "value": "33"}]}, 
  {"type": "assert_return", "line": 1043, "action": {"type": "invoke", "field": "singleton-value", "args": [{"type": "i32", "value": "4294967295"}]}, "expected": [{"type": "i32", "value": "33"}]}, 
  {"type": "assert_return", "line": 1045, "action": {"type": "invoke", "field": "multiple", "args": [{"type": "i32", "value": "0"}]}, "expected": [{"type": "i32", "value": "103"}]}, 
  {"type": "assert_return", "line": 1046, "action": {"type": "invoke", "field": "multiple", "args": [{"type": "i32", "value": "1"}]}, "expected": [{"type": "i32", "value": "102"}]}, 
  {"type": "assert_return", "line": 1047, "action": {"type": "invoke", "field": "multiple", "args": [{"type": "i32", "value": "2"}]}, "expected": [{"type": "i32", "value": "101"}]}, 
  {"type": "assert_return", "line": 1048, "action": {"type": "invoke", "field": "multiple", "args": [{"type": "i32", "value": "3"}]}, "expected": [{"type": "i32", "value": "100"}]}, 
  {"type": "assert_return", "line": 1049, "action": {"type": "invoke", "field": "multiple", "args": [{"type": "i32", "value": "4"}]}, "expected": [{"type": "i32", "value": "104"}]}, 
  {"type": "assert_return", "line": 1050, "action": {"type": "invoke", "field": "multiple", "args": [{"type": "i32", "value": "5"}]}, "expected": [{"type": "i32", "value": "104"}]}, 
  {"type": "assert_return", "line": 1051, "action": {"type": "invoke", "field": "multiple", "args": [{"type": "i32", "value": "6"}]}, "expected": [{"type": "i32", "value": "104"}]}, 
  {"type": "assert_return", "line": 1052, "action": {"type": "invoke", "field": "multiple", "args": [{"type": "i32", "value": "10"}]}, "expected": [{"type": "i32", "value": "104"}]}, 
  {"type": "assert_return", "line": 1053, "action": {"type": "invoke", "field": "multiple", "args": [{"type": "i32", "value": "4294967295"}]}, "expected": [{"type": "i32", "value": "104"}]}, 
  {"type": "assert_return", "line": 1054, "action": {"type": "invoke", "field": "multiple", "args": [{"type": "i32", "value": "4294967295"}]}, "expected": [{"type": "i32", "value": "104"}]}, 
  {"type": "assert_return", "line": 1056, "action": {"type": "invoke", "field": "multiple-value", "args": [{"type": "i32", "value": "0"}]}, "expected": [{"type": "i32", "value": "213"}]}, 
  {"type": "assert_return", "line": 1057, "action": {"type": "invoke", "field": "multiple-value", "args": [{"type": "i32", "value": "1"}]}, "expected": [{"type": "i32", "value": "212"}]}, 
  {"type": "assert_return", "line": 1058, "action": {"type": "invoke", "field": "multiple-value", "args": [{"type": "i32", "value": "2"}]}, "expected": [{"type": "i32", "value": "211"}]}, 
  {"type": "assert_return", "line": 1059, "action": {"type": "invoke", "field": "multiple-value", "args": [{"type": "i32", "value": "3"}]}, "expected": [{"type": "i32", "value": "210"}]}, 
  {"type": "assert_return", "line": 1060, "action": {"type": "invoke", "field": "multiple-value", "args": [{"type": "i32", "value": "4"}]}, "expected": [{"type": "i32", "value": "214"}]}, 
  {"type": "assert_return", "line": 1061, "action": {"type": "invoke", "field": "multiple-value", "args": [{"type": "i32", "value": "5"}]}, "expected": [{"type": "i32", "value": "214"}]}, 
  {"type": "assert_return", "line": 1062, "action": {"type": "invoke", "field": "multiple-value", "args": [{"type": "i32", "value": "6"}]}, "expected": [{"type": "i32", "value": "214"}]}, 
  {"type": "assert_return", "line": 1063, "action": {"type": "invoke", "field": "multiple-value", "args": [{"type": "i32", "value": "10"}]}, "expected": [{"type": "i32", "value": "214"}]}, 
  {"type": "assert_return", "line": 1064, "action": {"type": "invoke", "field": "multiple-value", "args": [{"type": "i32", "value": "4294967295"}]}, "expected": [{"type": "i32", "value": "214"}]}, 
  {"type": "assert_return", "line": 1065, "action": {"type": "invoke", "field": "multiple-value", "args": [{"type": "i32", "value": "4294967295"}]}, "expected": [{"type": "i32", "value": "214"}]}, 
  {"type": "assert_return", "line": 1067, "action": {"type": "invoke", "field": "large", "args": [{"type": "i32", "value": "0"}]}, "expected": [{"type": "i32", "value": "0"}]}, 
  {"type": "assert_return", "line": 1068, "action": {"type": "invoke", "field": "large", "args": [{"type": "i32", "value": "1"}]}, "expected": [{"type": "i32", "value": "1"}]}, 
  {"type": "assert_return", "line": 1069, "action": {"type": "invoke", "field": "large", "args": [{"type": "i32", "value": "100"}]}, "expected": [{"type": "i32", "value": "0"}]}, 
  {"type": "assert_return", "line": 1070, "action": {"type": "invoke", "field": "large", "args": [{"type": "i32", "value": "101"}]}, "expected": [{"type": "i32", "value": "1"}]}, 
  {"type": "assert_return", "line": 1071, "action": {"type": "invoke", "field": "large", "args": [{"type": "i32", "value": "10000"}]}, "expected": [{"type": "i32", "value": "0"}]}, 
  {"type": "assert_return", "line": 1072, "action": {"type": "invoke", "field": "large", "args": [{"type": "i32", "value": "10001"}]}, "expected": [{"type": "i32", "value": "1"}]}, 
  {"type": "assert_return", "line": 1073, "action": {"type": "invoke", "field": "large", "args": [{"type": "i32", "value": "1000000"}]}, "expected": [{"type": "i32", "value": "1"}]}, 
  {"type": "assert_return", "line": 1074, "action": {"type": "invoke", "field": "large", "args": [{"type": "i32", "value": "1000001"}]}, "expected": [{"type": "i32", "value": "1"}]}, 
  {"type": "assert_return", "line": 1076, "action": {"type": "invoke", "field": "as-block-first", "args": []}, "expected": []}, 
  {"type": "assert_return", "line": 1077, "action": {"type": "invoke", "field": "as-block-mid", "args": []}, "expected": []}, 
  {"type": "assert_return", "line": 1078, "action": {"type": "invoke", "field": "as-block-last", "args": []}, "expected": []}, 
  {"type": "assert_return", "line": 1079, "action": {"type": "invoke", "field": "as-block-value", "args": []}, "expected": [{"type": "i32", "value": "2"}]}, 
  {"type": "assert_return", "line": 1081, "action": {"type": "invoke", "field": "as-loop-first", "args": []}, "expected": [{"type": "i32", "value": "3"}]}, 
  {"type": "assert_return", "line": 1082, "action": {"type": "invoke", "field": "as-loop-mid", "args": []}, "expected": [{"type": "i32", "value": "4"}]}, 
  {"type": "assert_return", "line": 1083, "action": {"type": "invoke", "field": "as-loop-last", "args": []}, "expected": [{"type": "i32", "value": "5"}]}, 
  {"type": "assert_return", "line": 1085, "action": {"type": "invoke", "field": "as-br-value", "args": []}, "expected": [{"type": "i32", "value": "9"}]}, 
  {"type": "assert_return", "line": 1087, "action": {"type": "invoke", "field": "as-br_if-cond", "args": []}, "expected": []}, 
  {"type": "assert_return", "line": 1088, "action": {"type": "invoke", "field": "as-br_if-value", "args": []}, "expected": [{"type": "i32", "value": "8"}]}, 
  {"type": "assert_return", "line": 1089, "action": {"type": "invoke", "field": "as-br_if-value-cond", "args": []}, "expected": [{"type": "i32", "value": "9"}]}, 
  {"type": "assert_return", "line": 1091, "action": {"type": "invoke", "field": "as-br_table-index", "args": []}, "expected": []}, 
  {"type": "assert_return", "line": 1092, "action": {"type": "invoke", "field": "as-br_table-value", "args": []}, "expected": [{"type": "i32", "value": "10"}]}, 
  {"type": "assert_return", "line": 1093, "action": {"type": "invoke", "field": "as-br_table-value-index", "args": []}, "expected": [{"type": "i32", "value": "11"}]}, 
  {"type": "assert_return", "line": 1095, "action": {"type": "invoke", "field": "as-return-value", "args": []}, "expected": [{"type": "i64", "value": "7"}]}, 
  {"type": "assert_return", "line": 1097, "action": {"type": "invoke", "field": "as-if-cond", "args": []}, "expected": [{"type": "i32", "value": "2"}]}, 
  {"type": "assert_return", "line": 1098, "action": {"type": "invoke", "field": "as-if-then", "args": [{"type": "i32", "value": "1"}, {"type": "i32", "value": "6"}]}, "expected": [{"type": "i32", "value": "3"}]}, 
  {"type": "assert_return", "line": 1099, "action": {"type": "invoke", "field": "as-if-then", "args": [{"type": "i32", "value": "0"}, {"type": "i32", "value": "6"}]}, "expected": [{"type": "i32", "value": "6"}]}, 
  {"type": "assert_return", "line": 1100, "action": {"type": "invoke", "field": "as-if-else", "args": [{"type": "i32", "value": "0"}, {"type": "i32", "value": "6"}]}, "expected": [{"type": "i32", "value": "4"}]}, 
  {"type": "assert_return", "line": 1101, "action": {"type": "invoke", "field": "as-if-else", "args": [{"type": "i32", "value": "1"}, {"type": "i32", "value": "6"}]}, "expected": [{"type": "i32", "value": "6"}]}, 
  {"type": "assert_return", "line": 1103, "action": {"type": "invoke", "field": "as-select-first", "args": [{"type": "i32", "value": "0"}, {"type": "i32", "value": "6"}]}, "expected": [{"type": "i32", "value": "5"}]}, 
  {"type": "assert_return", "line": 1104, "action": {"type": "invoke", "field": "as-select-first", "args": [{"type": "i32", "value": "1"}, {"type": "i32", "value": "6"}]}, "expected": [{"type": "i32", "value": "5"}]}, 
  {"type": "assert_return", "line": 1105, "action": {"type": "invoke", "field": "as-select-second", "args": [{"type": "i32", "value": "0"}, {"type": "i32", "value": "6"}]}, "expected": [{"type": "i32", "value": "6"}]}, 
  {"type": "assert_return", "line": 1106, "action": {"type": "invoke", "field": "as-select-second", "args": [{"type": "i32", "value": "1"}, {"type": "i32", "value": "6"}]}, "expected": [{"type": "i32", "value": "6"}]}, 
  {"type": "assert_return", "line": 1107, "action": {"type": "invoke", "field": "as-select-cond", "args": []}, "expected": [{"type": "i32", "value": "7"}]}, 
  {"type": "assert_return", "line": 1109, "action": {"type": "invoke", "field": "as-call-first", "args": []}, "expected": [{"type": "i32", "value": "12"}]}, 
  {"type": "assert_return", "line": 1110, "action": {"type": "invoke", "field": "as-call-mid", "args": []}, "expected": [{"type": "i32", "value": "13"}]}, 
  {"type": "assert_return", "line": 1111, "action": {"type": "invoke", "field": "as-call-last", "args": []}, "expected": [{"type": "i32", "value": "14"}]}, 
  {"type": "assert_return", "line": 1113, "action": {"type": "invoke", "field": "as-call_indirect-first", "args": []}, "expected": [{"type": "i32", "value": "20"}]}, 
  {"type": "assert_return", "line": 1114, "action": {"type": "invoke", "field": "as-call_indirect-mid", "args": []}, "expected": [{"type": "i32", "value": "21"}]}, 
  {"type": "assert_return", "line": 1115, "action": {"type": "invoke", "field": "as-call_indirect-last", "args": []}, "expected": [{"type": "i32", "value": "22"}]}, 
  {"type": "assert_return", "line": 1116, "action": {"type": "invoke", "field": "as-call_indirect-func", "args": []}, "expected": [{"type": "i32", "value": "23"}]}, 
  {"type": "assert_return", "line": 1118, "action": {"type": "invoke", "field": "as-local.set-value", "args": []}, "expected": [{"type": "i32", "value": "17"}]}, 
  {"type": "assert_return", "line": 1119, "action": {"type": "invoke", "field": "as-local.tee-value", "args": []}, "expected": [{"type": "i32", "value": "1"}]}, 
  {"type": "assert_return", "line": 1120, "action": {"type": "invoke", "field": "as-global.set-value", "args": []}, "expected": [{"type": "i32", "value": "1"}]}, 
  {"type": "assert_return", "line": 1122, "action": {"type": "invoke", "field": "as-load-address", "args": []}, "expected": [{"type": "f32", "value": "1071225242"}]}, 
  {"type": "assert_return", "line": 1123, "action": {"type": "invoke", "field": "as-loadN-address", "args": []}, "expected": [{"type": "i64", "value": "30"}]}, 
  {"type": "assert_return", "line": 1125, "action": {"type": "invoke", "field": "as-store-address", "args": []}, "expected": [{"type": "i32", "value": "30"}]}, 
  {"type": "assert_return", "line": 1126, "action": {"type": "invoke", "field": "as-store-value", "args": []}, "expected": [{"type": "i32", "value": "31"}]}, 
  {"type": "assert_return", "line": 1127, "action": {"type": "invoke", "field": "as-storeN-address", "args": []}, "expected": [{"type": "i32", "value": "32"}]}, 
  {"type": "assert_return", "line": 1128, "action": {"type": "invoke", "field": "as-storeN-value", "args": []}, "expected": [{"type": "i32", "value": "33"}]}, 
  {"type": "assert_return", "line": 1130, "action": {"type": "invoke", "field": "as-unary-operand", "args": []}, "expected": [{"type": "f32", "value": "1079613850"}]}, 
  {"type": "assert_return", "line": 1132, "action": {"type": "invoke", "field": "as-binary-left", "args": []}, "expected": [{"type": "i32", "value": "3"}]}, 
  {"type": "assert_return", "line": 1133, "action": {"type": "invoke", "field": "as-binary-right", "args": []}, "expected": [{"type": "i64", "value": "45"}]}, 
  {"type": "assert_return", "line": 1135, "action": {"type": "invoke", "field": "as-test-operand", "args": []}, "expected": [{"type": "i32", "value": "44"}]}, 
  {"type": "assert_return", "line": 1137, "action": {"type": "invoke", "field": "as-compare-left", "args": []}, "expected": [{"type": "i32", "value": "43"}]}, 
  {"type": "assert_return", "line": 1138, "action": {"type": "invoke", "field": "as-compare-right", "args": []}, "expected": [{"type": "i32", "value": "42"}]}, 
  {"type": "assert_return", "line": 1140, "action": {"type": "invoke", "field": "as-convert-operand", "args": []}, "expected": [{"type": "i32", "value": "41"}]}, 
  {"type": "assert_return", "line": 1142, "action": {"type": "invoke", "field": "as-memory.grow-size", "args": []}, "expected": [{"type": "i32", "value": "40"}]}, 
  {"type": "assert_return", "line": 1144, "action": {"type": "invoke", "field": "nested-block-value", "args": [{"type": "i32", "value": "0"}]}, "expected": [{"type": "i32", "value": "19"}]}, 
  {"type": "assert_return", "line": 1145, "action": {"type": "invoke", "field": "nested-block-value", "args": [{"type": "i32", "value": "1"}]}, "expected": [{"type": "i32", "value": "17"}]}, 
  {"type": "assert_return", "line": 1146, "action": {"type": "invoke", "field": "nested-block-value", "args": [{"type": "i32", "value": "2"}]}, "expected": [{"type": "i32", "value": "16"}]}, 
  {"type": "assert_return", "line": 1147, "action": {"type": "invoke", "field": "nested-block-value", "args": [{"type": "i32", "value": "10"}]}, "expected": [{"type": "i32", "value": "16"}]}, 
  {"type": "assert_return", "line": 1148, "action": {"type": "invoke", "field": "nested-block-value", "args": [{"type": "i32", "value": "4294967295"}]}, "expected": [{"type": "i32", "value": "16"}]}, 
  {"type": "assert_return", "line": 1149, "action": {"type": "invoke", "field": "nested-block-value", "args": [{"type": "i32", "value": "100000"}]}, "expected": [{"type": "i32", "value": "16"}]}, 
  {"type": "assert_return", "line": 1151, "action": {"type": "invoke", "field": "nested-br-value", "args": [{"type": "i32", "value": "0"}]}, "expected": [{"type": "i32", "value": "8"}]}, 
  {"type": "assert_return", "line": 1152, "action": {"type": "invoke", "field": "nested-br-value", "args": [{"type": "i32", "value": "1"}]}, "expected": [{"type": "i32", "value": "9"}]}, 
  {"type": "assert_return", "line": 1153, "action": {"type": "invoke", "field": "nested-br-value", "args": [{"type": "i32", "value": "2"}]}, "expected": [{"type": "i32", "value": "17"}]}, 
  {"type": "assert_return", "line": 1154, "action": {"type": "invoke", "field": "nested-br-value", "args": [{"type": "i32", "value": "11"}]}, "expected": [{"type": "i32", "value": "17"}]}, 
  {"type": "assert_return", "line": 1155, "action": {"type": "invoke", "field": "nested-br-value", "args": [{"type": "i32", "value": "4294967292"}]}, "expected": [{"type": "i32", "value": "17"}]}, 
  {"type": "assert_return", "line": 1156, "action": {"type": "invoke", "field": "nested-br-value", "args": [{"type": "i32", "value": "10213210"}]}, "expected": [{"type": "i32", "value": "17"}]}, 
  {"type": "assert_return", "line": 1158, "action": {"type": "invoke", "field": "nested-br_if-value", "args": [{"type": "i32", "value": "0"}]}, "expected": [{"type": "i32", "value": "17"}]}, 
  {"type": "assert_return", "line": 1159, "action": {"type": "invoke", "field": "nested-br_if-value", "args": [{"type": "i32", "value": "1"}]}, "expected": [{"type": "i32", "value": "9"}]}, 
  {"type": "assert_return", "line": 1160, "action": {"type": "invoke", "field": "nested-br_if-value", "args": [{"type": "i32", "value": "2"}]}, "expected": [{"type": "i32", "value": "8"}]}, 
  {"type": "assert_return", "line": 1161, "action": {"type": "invoke", "field": "nested-br_if-value", "args": [{"type": "i32", "value": "9"}]}, "expected": [{"type": "i32", "value": "8"}]}, 
  {"type": "assert_return", "line": 1162, "action": {"type": "invoke", "field": "nested-br_if-value", "args": [{"type": "i32", "value": "4294967287"}]}, "expected": [{"type": "i32", "value": "8"}]}, 
  {"type": "assert_return", "line": 1163, "action": {"type": "invoke", "field": "nested-br_if-value", "args": [{"type": "i32", "value": "999999"}]}, "expected": [{"type": "i32", "value": "8"}]}, 
  {"type": "assert_return", "line": 1165, "action": {"type": "invoke", "field": "nested-br_if-value-cond", "args": [{"type": "i32", "value": "0"}]}, "expected": [{"type": "i32", "value": "9"}]}, 
  {"type": "assert_return", "line": 1166, "action": {"type": "invoke", "field": "nested-br_if-value-cond", "args": [{"type": "i32", "value": "1"}]}, "expected": [{"type": "i32", "value": "8"}]}, 
  {"type": "assert_return", "line": 1167, "action": {"type": "invoke", "field": "nested-br_if-value-cond", "args": [{"type": "i32", "value": "2"}]}, "expected": [{"type": "i32", "value": "9"}]}, 
  {"type": "assert_return", "line": 1168, "action": {"type": "invoke", "field": "nested-br_if-value-cond", "args": [{"type": "i32", "value": "3"}]}, "expected": [{"type": "i32", "value": "9"}]}, 
  {"type": "assert_return", "line": 1169, "action": {"type": "invoke", "field": "nested-br_if-value-cond", "args": [{"type": "i32", "value": "4293967296"}]}, "expected": [{"type": "i32", "value": "9"}]}, 
  {"type": "assert_return", "line": 1170, "action": {"type": "invoke", "field": "nested-br_if-value-cond", "args": [{"type": "i32", "value": "9423975"}]}, "expected": [{"type": "i32", "value": "9"}]}, 
  {"type": "assert_return", "line": 1172, "action": {"type": "invoke", "field": "nested-br_table-value", "args": [{"type": "i32", "value": "0"}]}, "expected": [{"type": "i32", "value": "17"}]}, 
  {"type": "assert_return", "line": 1173, "action": {"type": "invoke", "field": "nested-br_table-value", "args": [{"type": "i32", "value": "1"}]}, "expected": [{"type": "i32", "value": "9"}]}, 
  {"type": "assert_return", "line": 1174, "action": {"type": "invoke", "field": "nested-br_table-value", "args": [{"type": "i32", "value": "2"}]}, "expected": [{"type": "i32", "value": "8"}]}, 
  {"type": "assert_return", "line": 1175, "action": {"type": "invoke", "field": "nested-br_table-value", "args": [{"type": "i32", "value": "9"}]}, "expected": [{"type": "i32", "value": "8"}]}, 
  {"type": "assert_return", "line": 1176, "action": {"type": "invoke", "field": "nested-br_table-value", "args": [{"type": "i32", "value": "4294967287"}]}, "expected": [{"type": "i32", "value": "8"}]}, 
  {"type": "assert_return", "line": 1177, "action": {"type": "invoke", "field": "nested-br_table-value", "args": [{"type": "i32", "value": "999999"}]}, "expected": [{"type": "i32", "value": "8"}]}, 
  {"type": "assert_return", "line": 1179, "action": {"type": "invoke", "field": "nested-br_table-value-index", "args": [{"type": "i32", "value": "0"}]}, "expected": [{"type": "i32", "value": "9"}]}, 
  {"type": "assert_return", "line": 1180, "action": {"type": "invoke", "field": "nested-br_table-value-index", "args": [{"type": "i32", "value": "1"}]}, "expected": [{"type": "i32", "value": "8"}]}, 
  {"type": "assert_return", "line": 1181, "action": {"type": "invoke", "field": "nested-br_table-value-index", "args": [{"type": "i32", "value": "2"}]}, "expected": [{"type": "i32", "value": "9"}]}, 
  {"type": "assert_return", "line": 1182, "action": {"type": "invoke", "field": "nested-br_table-value-index", "args": [{"type": "i32", "value": "3"}]}, "expected": [{"type": "i32", "value": "9"}]}, 
  {"type": "assert_return", "line": 1183, "action": {"type": "invoke", "field": "nested-br_table-value-index", "args": [{"type": "i32", "value": "4293967296"}]}, "expected": [{"type": "i32", "value": "9"}]}, 
  {"type": "assert_return", "line": 1184, "action": {"type": "invoke", "field": "nested-br_table-value-index", "args": [{"type": "i32", "value": "9423975"}]}, "expected": [{"type": "i32", "value": "9"}]}, 
  {"type": "assert_return", "line": 1186, "action": {"type": "invoke", "field": "nested-br_table-loop-block", "args": [{"type": "i32", "value": "1"}]}, "expected": [{"type": "i32", "value": "3"}]}, 
  {"type": "assert_return", "line": 1188, "action": {"type": "invoke", "field": "meet-externref", "args": [{"type": "i32", "value": "0"}, {"type": "externref", "value": "1"}]}, "expected": [{"type": "externref", "value": "1"}]}, 
  {"type": "assert_return", "line": 1189, "action": {"type": "invoke", "field": "meet-externref", "args": [{"type": "i32", "value": "1"}, {"type": "externref", "value": "1"}]}, "expected": [{"type": "externref", "value": "1"}]}, 
  {"type": "assert_return", "line": 1190, "action": {"type": "invoke", "field": "meet-externref", "args": [{"type": "i32", "value": "2"}, {"type": "externref", "value": "1"}]}, "expected": [{"type": "externref", "value": "1"}]}, 
  {"type": "assert_invalid", "line": 1193, "filename": "br_table.1.wasm", "text": "type mismatch", "module_type": "binary"}, 
  {"type": "assert_invalid", "line": 1200, "filename": "br_table.2.wasm", "text": "type mismatch", "module_type": "binary"}, 
  {"type": "assert_invalid", "line": 1207, "filename": "br_table.3.wasm", "text": "type mismatch", "module_type": "binary"}, 
  {"type": "assert_invalid", "line": 1213, "filename": "br_table.4.wasm", "text": "type mismatch", "module_type": "binary"}, 
  {"type": "assert_invalid", "line": 1221, "filename": "br_table.5.wasm", "text": "type mismatch", "module_type": "binary"}, 
  {"type": "assert_invalid", "line": 1232, "filename": "br_table.6.wasm", "text": "type mismatch", "module_type": "binary"}, 
  {"type": "assert_invalid", "line": 1243, "filename": "br_table.7.wasm", "text": "type mismatch", "module_type": "binary"}, 
  {"type": "assert_invalid", "line": 1249, "filename": "br_table.8.wasm", "text": "type mismatch", "module_type": "binary"}, 
  {"type": "assert_invalid", "line": 1255, "filename": "br_table.9.wasm", "text": "type mismatch", "module_type": "binary"}, 
  {"type": "assert_invalid", "line": 1261, "filename": "br_table.10.wasm", "text": "type mismatch", "module_type": "binary"}, 
  {"type": "assert_invalid", "line": 1267, "filename": "br_table.11.wasm", "text": "type mismatch", "module_type": "binary"}, 
  {"type": "assert_invalid", "line": 1276, "filename": "br_table.12.wasm", "text": "type mismatch", "module_type": "binary"}, 
  {"type": "assert_invalid", "line": 1283, "filename": "br_table.13.wasm", "text": "type mismatch", "module_type": "binary"}, 
  {"type": "assert_invalid", "line": 1295, "filename": "br_table.14.wasm", "text": "type mismatch", "module_type": "binary"}, 
  {"type": "assert_invalid", "line": 1307, "filename": "br_table.15.wasm", "text": "type mismatch", "module_type": "binary"}, 
  {"type": "assert_invalid", "line": 1318, "filename": "br_table.16.wasm", "text": "type mismatch", "module_type": "binary"}, 
  {"type": "assert_invalid", "line": 1330, "filename": "br_table.17.wasm", "text": "type mismatch", "module_type": "binary"}, 
  {"type": "assert_invalid", "line": 1342, "filename": "br_table.18.wasm", "text": "type mismatch", "module_type": "binary"}, 
  {"type": "assert_invalid", "line": 1356, "filename": "br_table.19.wasm", "text": "unknown label", "module_type": "binary"}, 
  {"type": "assert_invalid", "line": 1362, "filename": "br_table.20.wasm", "text": "unknown label", "module_type": "binary"}, 
  {"type": "assert_invalid", "line": 1368, "filename": "br_table.21.wasm", "text": "unknown label", "module_type": "binary"}, 
  {"type": "assert_invalid", "line": 1375, "filename": "br_table.22.wasm", "text": "unknown label", "module_type": "binary"}, 
  {"type": "assert_invalid", "line": 1381, "filename": "br_table.23.wasm", "text": "unknown label", "module_type": "binary"}, 
  {"type": "assert_invalid", "line": 1387, "filename": "br_table.24.wasm", "text": "unknown label", "module_type": "binary"}]}
