{"source_filename": "const.wast",
 "commands": [
  {"type": "module", "line": 5, "filename": "const.0.wasm"}, 
  {"type": "module", "line": 6, "filename": "const.1.wasm"}, 
  {"type": "assert_malformed", "line": 8, "filename": "const.2.wat", "text": "unexpected token", "module_type": "text"}, 
  {"type": "assert_malformed", "line": 12, "filename": "const.3.wat", "text": "unknown operator", "module_type": "text"}, 
  {"type": "assert_malformed", "line": 16, "filename": "const.4.wat", "text": "unknown operator", "module_type": "text"}, 
  {"type": "assert_malformed", "line": 20, "filename": "const.5.wat", "text": "unknown operator", "module_type": "text"}, 
  {"type": "module", "line": 24, "filename": "const.6.wasm"}, 
  {"type": "module", "line": 25, "filename": "const.7.wasm"}, 
  {"type": "assert_malformed", "line": 27, "filename": "const.8.wat", "text": "unexpected token", "module_type": "text"}, 
  {"type": "assert_malformed", "line": 31, "filename": "const.9.wat", "text": "unknown operator", "module_type": "text"}, 
  {"type": "assert_malformed", "line": 35, "filename": "const.10.wat", "text": "unknown operator", "module_type": "text"}, 
  {"type": "assert_malformed", "line": 39, "filename": "const.11.wat", "text": "unknown operator", "module_type": "text"}, 
  {"type": "module", "line": 43, "filename": "const.12.wasm"}, 
  {"type": "module", "line": 44, "filename": "const.13.wasm"}, 
  {"type": "module", "line": 45, "filename": "const.14.wasm"}, 
  {"type": "module", "line": 46, "filename": "const.15.wasm"}, 
  {"type": "module", "line": 47, "filename": "const.16.wasm"}, 
  {"type": "module", "line": 48, "filename": "const.17.wasm"}, 
  {"type": "module", "line": 49, "filename": "const.18.wasm"}, 
  {"type": "module", "line": 50, "filename": "const.19.wasm"}, 
  {"type": "module", "line": 51, "filename": "const.20.wasm"}, 
  {"type": "module", "line": 52, "filename": "const.21.wasm"}, 
  {"type": "module", "line": 53, "filename": "const.22.wasm"}, 
  {"type": "module", "line": 54, "filename": "const.23.wasm"}, 
  {"type": "module", "line": 55, "filename": "const.24.wasm"}, 
  {"type": "module", "line": 56, "filename": "const.25.wasm"}, 
  {"type": "module", "line": 57, "filename": "const.26.wasm"}, 
  {"type": "module", "line": 58, "filename": "const.27.wasm"}, 
  {"type": "module", "line": 59, "filename": "const.28.wasm"}, 
  {"type": "module", "line": 60, "filename": "const.29.wasm"}, 
  {"type": "module", "line": 61, "filename": "const.30.wasm"}, 
  {"type": "module", "line": 62, "filename": "const.31.wasm"}, 
  {"type": "module", "line": 63, "filename": "const.32.wasm"}, 
  {"type": "module", "line": 64, "filename": "const.33.wasm"}, 
  {"type": "module", "line": 65, "filename": "const.34.wasm"}, 
  {"type": "module", "line": 66, "filename": "const.35.wasm"}, 
  {"type": "assert_malformed", "line": 68, "filename": "const.36.wat", "text": "unexpected token", "module_type": "text"}, 
  {"type": "assert_malformed", "line": 72, "filename": "const.37.wat", "text": "unknown operator", "module_type": "text"}, 
  {"type": "assert_malformed", "line": 76, "filename": "const.38.wat", "text": "unknown operator", "module_type": "text"}, 
  {"type": "assert_malformed", "line": 80, "filename": "const.39.wat", "text": "unknown operator", "module_type": "text"}, 
  {"type": "assert_malformed", "line": 84, "filename": "const.40.wat", "text": "unknown operator", "module_type": "text"}, 
  {"type": "assert_malformed", "line": 88, "filename": "const.41.wat", "text": "unknown operator", "module_type": "text"}, 
  {"type": "assert_malformed", "line": 92, "filename": "const.42.wat", "text": "unknown operator", "module_type": "text"}, 
  {"type": "assert_malformed", "line": 96, "filename": "const.43.wat", "text": "unknown operator", "module_type": "text"}, 
  {"type": "assert_malformed", "line": 100, "filename": "const.44.wat", "text": "unknown operator", "module_type": "text"}, 
  {"type": "assert_malformed", "line": 104, "filename": "const.45.wat", "text": "unknown operator", "module_type": "text"}, 
  {"type": "assert_malformed", "line": 108, "filename": "const.46.wat", "text": "unknown operator", "module_type": "text"}, 
  {"type": "assert_malformed", "line": 112, "filename": "const.47.wat", "text": "unknown operator", "module_type": "text"}, 
  {"type": "assert_malformed", "line": 116, "filename": "const.48.wat", "text": "unknown operator", "module_type": "text"}, 
  {"type": "assert_malformed", "line": 120, "filename": "const.49.wat", "text": "unknown operator", "module_type": "text"}, 
  {"type": "assert_malformed", "line": 124, "filename": "const.50.wat", "text": "unknown operator", "module_type": "text"}, 
  {"type": "assert_malformed", "line": 128, "filename": "const.51.wat", "text": "unknown operator", "module_type": "text"}, 
  {"type": "assert_malformed", "line": 132, "filename": "const.52.wat", "text": "unknown operator", "module_type": "text"}, 
  {"type": "assert_malformed", "line": 136, "filename": "const.53.wat", "text": "unknown operator", "module_type": "text"}, 
  {"type": "assert_malformed", "line": 140, "filename": "const.54.wat", "text": "unknown operator", "module_type": "text"}, 
  {"type": "module", "line": 145, "filename": "const.55.wasm"}, 
  {"type": "module", "line": 146, "filename": "const.56.wasm"}, 
  {"type": "module", "line": 147, "filename": "const.57.wasm"}, 
  {"type": "module", "line": 148, "filename": "const.58.wasm"}, 
  {"type": "module", "line": 149, "filename": "const.59.wasm"}, 
  {"type": "module", "line": 150, "filename": "const.60.wasm"}, 
  {"type": "module", "line": 151, "filename": "const.61.wasm"}, 
  {"type": "module", "line": 152, "filename": "const.62.wasm"}, 
  {"type": "module", "line": 153, "filename": "const.63.wasm"}, 
  {"type": "module", "line": 154, "filename": "const.64.wasm"}, 
  {"type": "module", "line": 155, "filename": "const.65.wasm"}, 
  {"type": "module", "line": 156, "filename": "const.66.wasm"}, 
  {"type": "module", "line": 157, "filename": "const.67.wasm"}, 
  {"type": "module", "line": 158, "filename": "const.68.wasm"}, 
  {"type": "module", "line": 159, "filename": "const.69.wasm"}, 
  {"type": "module", "line": 160, "filename": "const.70.wasm"}, 
  {"type": "module", "line": 161, "filename": "const.71.wasm"}, 
  {"type": "module", "line": 162, "filename": "const.72.wasm"}, 
  {"type": "module", "line": 164, "filename": "const.73.wasm"}, 
  {"type": "module", "line": 165, "filename": "const.74.wasm"}, 
  {"type": "module", "line": 166, "filename": "const.75.wasm"}, 
  {"type": "module", "line": 167, "filename": "const.76.wasm"}, 
  {"type": "module", "line": 168, "filename": "const.77.wasm"}, 
  {"type": "module", "line": 169, "filename": "const.78.wasm"}, 
  {"type": "module", "line": 170, "filename": "const.79.wasm"}, 
  {"type": "module", "line": 171, "filename": "const.80.wasm"}, 
  {"type": "module", "line": 172, "filename": "const.81.wasm"}, 
  {"type": "module", "line": 173, "filename": "const.82.wasm"}, 
  {"type": "module", "line": 174, "filename": "const.83.wasm"}, 
  {"type": "module", "line": 175, "filename": "const.84.wasm"}, 
  {"type": "module", "line": 176, "filename": "const.85.wasm"}, 
  {"type": "module", "line": 177, "filename": "const.86.wasm"}, 
  {"type": "module", "line": 178, "filename": "const.87.wasm"}, 
  {"type": "module", "line": 179, "filename": "const.88.wasm"}, 
  {"type": "module", "line": 180, "filename": "const.89.wasm"}, 
  {"type": "module", "line": 181, "filename": "const.90.wasm"}, 
  {"type": "assert_malformed", "line": 185, "filename": "const.91.wat", "text": "unexpected token", "module_type": "text"}, 
  {"type": "assert_malformed", "line": 189, "filename": "const.92.wat", "text": "unknown operator", "module_type": "text"}, 
  {"type": "assert_malformed", "line": 193, "filename": "const.93.wat", "text": "unknown operator", "module_type": "text"}, 
  {"type": "assert_malformed", "line": 197, "filename": "const.94.wat", "text": "unknown operator", "module_type": "text"}, 
  {"type": "assert_malformed", "line": 201, "filename": "const.95.wat", "text": "unknown operator", "module_type": "text"}, 
  {"type": "assert_malformed", "line": 205, "filename": "const.96.wat", "text": "unknown operator", "module_type": "text"}, 
  {"type": "assert_malformed", "line": 209, "filename": "const.97.wat", "text": "unknown operator", "module_type": "text"}, 
  {"type": "assert_malformed", "line": 213, "filename": "const.98.wat", "text": "unknown operator", "module_type": "text"}, 
  {"type": "assert_malformed", "line": 217, "filename": "const.99.wat", "text": "unknown operator", "module_type": "text"}, 
  {"type": "assert_malformed", "line": 221, "filename": "const.100.wat", "text": "unknown operator", "module_type": "text"}, 
  {"type": "assert_malformed", "line": 225, "filename": "const.101.wat", "text": "unknown operator", "module_type": "text"}, 
  {"type": "assert_malformed", "line": 229, "filename": "const.102.wat", "text": "unknown operator", "module_type": "text"}, 
  {"type": "assert_malformed", "line": 233, "filename": "const.103.wat", "text": "unknown operator", "module_type": "text"}, 
  {"type": "assert_malformed", "line": 237, "filename": "const.104.wat", "text": "unknown operator", "module_type": "text"}, 
  {"type": "assert_malformed", "line": 241, "filename": "const.105.wat", "text": "unknown operator", "module_type": "text"}, 
  {"type": "assert_malformed", "line": 245, "filename": "const.106.wat", "text": "unknown operator", "module_type": "text"}, 
  {"type": "assert_malformed", "line": 249, "filename": "const.107.wat", "text": "unknown operator", "module_type": "text"}, 
  {"type": "assert_malformed", "line": 253, "filename": "const.108.wat", "text": "unknown operator", "module_type": "text"}, 
  {"type": "assert_malformed", "line": 257, "filename": "const.109.wat", "text": "unknown operator", "module_type": "text"}, 
  {"type": "module", "line": 264, "filename": "const.110.wasm"}, 
  {"type": "module", "line": 265, "filename": "const.111.wasm"}, 
  {"type": "assert_malformed", "line": 267, "filename": "const.112.wat", "text": "constant out of range", "module_type": "text"}, 
  {"type": "assert_malformed", "line": 271, "filename": "const.113.wat", "text": "constant out of range", "module_type": "text"}, 
  {"type": "module", "line": 275, "filename": "const.114.wasm"}, 
  {"type": "module", "line": 276, "filename": "const.115.wasm"}, 
  {"type": "assert_malformed", "line": 278, "filename": "const.116.wat", "text": "constant out of range", "module_type": "text"}, 
  {"type": "assert_malformed", "line": 282, "filename": "const.117.wat", "text": "constant out of range", "module_type": "text"}, 
  {"type": "module", "line": 286, "filename": "const.118.wasm"}, 
  {"type": "module", "line": 287, "filename": "const.119.wasm"}, 
  {"type": "assert_malformed", "line": 289, "filename": "const.120.wat", "text": "constant out of range", "module_type": "text"}, 
  {"type": "assert_malformed", "line": 293, "filename": "const.121.wat", "text": "constant out of range", "module_type": "text"}, 
  {"type": "module", "line": 297, "filename": "const.122.wasm"}, 
  {"type": "module", "line": 298, "filename": "const.123.wasm"}, 
  {"type": "assert_malformed", "line": 300, "filename": "const.124.wat", "text": "constant out of range", "module_type": "text"}, 
  {"type": "assert_malformed", "line": 304, "filename": "const.125.wat", "text": "constant out of range", "module_type": "text"}, 
  {"type": "module", "line": 308, "filename": "const.126.wasm"}, 
  {"type": "module", "line": 309, "filename": "const.127.wasm"}, 
  {"type": "module", "line": 310, "filename": "const.128.wasm"}, 
  {"type": "module", "line": 311, "filename": "const.129.wasm"}, 
  {"type": "module", "line": 312, "filename": "const.130.wasm"}, 
  {"type": "module", "line": 313, "filename": "const.131.wasm"}, 
  {"type": "module", "line": 314, "filename": "const.132.wasm"}, 
  {"type": "module", "line": 315, "filename": "const.133.wasm"}, 
  {"type": "module", "line": 316, "filename": "const.134.wasm"}, 
  {"type": "module", "line": 317, "filename": "const.135.wasm"}, 
  {"type": "assert_malformed", "line": 319, "filename": "const.136.wat", "text": "constant out of range", "module_type": "text"}, 
  {"type": "assert_malformed", "line": 323, "filename": "const.137.wat", "text": "constant out of range", "module_type": "text"}, 
  {"type": "assert_malformed", "line": 327, "filename": "const.138.wat", "text": "constant out of range", "module_type": "text"}, 
  {"type": "assert_malformed", "line": 331, "filename": "const.139.wat", "text": "constant out of range", "module_type": "text"}, 
  {"type": "module", "line": 335, "filename": "const.140.wasm"}, 
  {"type": "module", "line": 336, "filename": "const.141.wasm"}, 
  {"type": "assert_malformed", "line": 338, "filename": "const.142.wat", "text": "constant out of range", "module_type": "text"}, 
  {"type": "assert_malformed", "line": 342, "filename": "const.143.wat", "text": "constant out of range", "module_type": "text"}, 
  {"type": "module", "line": 346, "filename": "const.144.wasm"}, 
  {"type": "module", "line": 347, "filename": "const.145.wasm"}, 
  {"type": "assert_malformed", "line": 349, "filename": "const.146.wat", "text": "constant out of range", "module_type": "text"}, 
  {"type": "assert_malformed", "line": 353, "filename": "const.147.wat", "text": "constant out of range", "module_type": "text"}, 
  {"type": "module", "line": 357, "filename": "const.148.wasm"}, 
  {"type": "module", "line": 358, "filename": "const.149.wasm"}, 
  {"type": "module", "line": 359, "filename": "const.150.wasm"}, 
  {"type": "module", "line": 360, "filename": "const.151.wasm"}, 
  {"type": "module", "line": 361, "filename": "const.152.wasm"}, 
  {"type": "module", "line": 362, "filename": "const.153.wasm"}, 
  {"type": "module", "line": 363, "filename": "const.154.wasm"}, 
  {"type": "module", "line": 364, "filename": "const.155.wasm"}, 
  {"type": "assert_malformed", "line": 366, "filename": "const.156.wat", "text": "constant out of range", "module_type": "text"}, 
  {"type": "assert_malformed", "line": 370, "filename": "const.157.wat", "text": "constant out of range", "module_type": "text"}, 
  {"type": "assert_malformed", "line": 374, "filename": "const.158.wat", "text": "constant out of range", "module_type": "text"}, 
  {"type": "assert_malformed", "line": 378, "filename": "const.159.wat", "text": "constant out of range", "module_type": "text"}, 
  {"type": "module", "line": 382, "filename": "const.160.wasm"}, 
  {"type": "module", "line": 383, "filename": "const.161.wasm"}, 
  {"type": "assert_malformed", "line": 385, "filename": "const.162.wat", "text": "constant out of range", "module_type": "text"}, 
  {"type": "assert_malformed", "line": 389, "filename": "const.163.wat", "text": "constant out of range", "module_type": "text"}, 
  {"type": "module", "line": 393, "filename": "const.164.wasm"}, 
  {"type": "module", "line": 394, "filename": "const.165.wasm"}, 
  {"type": "assert_malformed", "line": 396, "filename": "const.166.wat", "text": "constant out of range", "module_type": "text"}, 
  {"type": "assert_malformed", "line": 400, "filename": "const.167.wat", "text": "constant out of range", "module_type": "text"}, 
  {"type": "module", "line": 404, "filename": "const.168.wasm"}, 
  {"type": "module", "line": 405, "filename": "const.169.wasm"}, 
  {"type": "module", "line": 406, "filename": "const.170.wasm"}, 
  {"type": "module", "line": 407, "filename": "const.171.wasm"}, 
  {"type": "assert_malformed", "line": 410, "filename": "const.172.wat", "text": "unknown operator", "module_type": "text"}, 
  {"type": "assert_malformed", "line": 414, "filename": "const.173.wat", "text": "unknown operator", "module_type": "text"}, 
  {"type": "assert_malformed", "line": 419, "filename": "const.174.wat", "text": "constant out of range", "module_type": "text"}, 
  {"type": "assert_malformed", "line": 423, "filename": "const.175.wat", "text": "constant out of range", "module_type": "text"}, 
  {"type": "assert_malformed", "line": 428, "filename": "const.176.wat", "text": "constant out of range", "module_type": "text"}, 
  {"type": "assert_malformed", "line": 432, "filename": "const.177.wat", "text": "constant out of range", "module_type": "text"}, 
  {"type": "module", "line": 440, "filename": "const.178.wasm"}, 
  {"type": "assert_return", "line": 441, "action": {"type": "invoke", "field": "f", "args": []}, "expected": [{"type": "f32", "value": "645922816"}]}, 
  {"type": "module", "line": 442, "filename": "const.179.wasm"}, 
  {"type": "assert_return", "line": 443, "action": {"type": "invoke", "field": "f", "args": []}, "expected": [{"type": "f32", "value": "2793406464"}]}, 
  {"type": "module", "line": 444, "filename": "const.180.wasm"}, 
  {"type": "assert_return", "line": 445, "action": {"type": "invoke", "field": "f", "args": []}, "expected": [{"type": "f32", "value": "645922817"}]}, 
  {"type": "module", "line": 446, "filename": "const.181.wasm"}, 
  {"type": "assert_return", "line": 447, "action": {"type": "invoke", "field": "f", "args": []}, "expected": [{"type": "f32", "value": "2793406465"}]}, 
  {"type": "module", "line": 448, "filename": "const.182.wasm"}, 
  {"type": "assert_return", "line": 449, "action": {"type": "invoke", "field": "f", "args": []}, "expected": [{"type": "f32", "value": "645922817"}]}, 
  {"type": "module", "line": 450, "filename": "const.183.wasm"}, 
  {"type": "assert_return", "line": 451, "action": {"type": "invoke", "field": "f", "args": []}, "expected": [{"type": "f32", "value": "2793406465"}]}, 
  {"type": "module", "line": 452, "filename": "const.184.wasm"}, 
  {"type": "assert_return", "line": 453, "action": {"type": "invoke", "field": "f", "args": []}, "expected": [{"type": "f32", "value": "645922817"}]}, 
  {"type": "module", "line": 454, "filename": "const.185.wasm"}, 
  {"type": "assert_return", "line": 455, "action": {"type": "invoke", "field": "f", "args": []}, "expected": [{"type": "f32", "value": "2793406465"}]}, 
  {"type": "module", "line": 456, "filename": "const.186.wasm"}, 
  {"type": "assert_return", "line": 457, "action": {"type": "invoke", "field": "f", "args": []}, "expected": [{"type": "f32", "value": "645922817"}]}, 
  {"type": "module", "line": 458, "filename": "const.187.wasm"}, 
  {"type": "assert_return", "line": 459, "action": {"type": "invoke", "field": "f", "args": []}, "expected": [{"type": "f32", "value": "2793406465"}]}, 
  {"type": "module", "line": 460, "filename": "const.188.wasm"}, 
  {"type": "assert_return", "line": 461, "action": {"type": "invoke", "field": "f", "args": []}, "expected": [{"type": "f32", "value": "645922817"}]}, 
  {"type": "module", "line": 462, "filename": "const.189.wasm"}, 
  {"type": "assert_return", "line": 463, "action": {"type": "invoke", "field": "f", "args": []}, "expected": [{"type": "f32", "value": "2793406465"}]}, 
  {"type": "module", "line": 464, "filename": "const.190.wasm"}, 
  {"type": "assert_return", "line": 465, "action": {"type": "invoke", "field": "f", "args": []}, "expected": [{"type": "f32", "value": "645922818"}]}, 
  {"type": "module", "line": 466, "filename": "const.191.wasm"}, 
  {"type": "assert_return", "line": 467, "action": {"type": "invoke", "field": "f", "args": []}, "expected": [{"type": "f32", "value": "2793406466"}]}, 
  {"type": "module", "line": 468, "filename": "const.192.wasm"}, 
  {"type": "assert_return", "line": 469, "action": {"type": "invoke", "field": "f", "args": []}, "expected": [{"type": "f32", "value": "645922818"}]}, 
  {"type": "module", "line": 470, "filename": "const.193.wasm"}, 
  {"type": "assert_return", "line": 471, "action": {"type": "invoke", "field": "f", "args": []}, "expected": [{"type": "f32", "value": "2793406466"}]}, 
  {"type": "module", "line": 472, "filename": "const.194.wasm"}, 
  {"type": "assert_return", "line": 473, "action": {"type": "invoke", "field": "f", "args": []}, "expected": [{"type": "f32", "value": "645922818"}]}, 
  {"type": "module", "line": 474, "filename": "const.195.wasm"}, 
  {"type": "assert_return", "line": 475, "action": {"type": "invoke", "field": "f", "args": []}, "expected": [{"type": "f32", "value": "2793406466"}]}, 
  {"type": "module", "line": 476, "filename": "const.196.wasm"}, 
  {"type": "assert_return", "line": 477, "action": {"type": "invoke", "field": "f", "args": []}, "expected": [{"type": "f32", "value": "645922818"}]}, 
  {"type": "module", "line": 478, "filename": "const.197.wasm"}, 
  {"type": "assert_return", "line": 479, "action": {"type": "invoke", "field": "f", "args": []}, "expected": [{"type": "f32", "value": "2793406466"}]}, 
  {"type": "module", "line": 480, "filename": "const.198.wasm"}, 
  {"type": "assert_return", "line": 481, "action": {"type": "invoke", "field": "f", "args": []}, "expected": [{"type": "f32", "value": "645922818"}]}, 
  {"type": "module", "line": 482, "filename": "const.199.wasm"}, 
  {"type": "assert_return", "line": 483, "action": {"type": "invoke", "field": "f", "args": []}, "expected": [{"type": "f32", "value": "2793406466"}]}, 
  {"type": "module", "line": 484, "filename": "const.200.wasm"}, 
  {"type": "assert_return", "line": 485, "action": {"type": "invoke", "field": "f", "args": []}, "expected": [{"type": "f32", "value": "645922818"}]}, 
  {"type": "module", "line": 486, "filename": "const.201.wasm"}, 
  {"type": "assert_return", "line": 487, "action": {"type": "invoke", "field": "f", "args": []}, "expected": [{"type": "f32", "value": "2793406466"}]}, 
  {"type": "module", "line": 488, "filename": "const.202.wasm"}, 
  {"type": "assert_return", "line": 489, "action": {"type": "invoke", "field": "f", "args": []}, "expected": [{"type": "f32", "value": "645922818"}]}, 
  {"type": "module", "line": 490, "filename": "const.203.wasm"}, 
  {"type": "assert_return", "line": 491, "action": {"type": "invoke", "field": "f", "args": []}, "expected": [{"type": "f32", "value": "2793406466"}]}, 
  {"type": "module", "line": 492, "filename": "const.204.wasm"}, 
  {"type": "assert_return", "line": 493, "action": {"type": "invoke", "field": "f", "args": []}, "expected": [{"type": "f32", "value": "645922819"}]}, 
  {"type": "module", "line": 494, "filename": "const.205.wasm"}, 
  {"type": "assert_return", "line": 495, "action": {"type": "invoke", "field": "f", "args": []}, "expected": [{"type": "f32", "value": "2793406467"}]}, 
  {"type": "module", "line": 497, "filename": "const.206.wasm"}, 
  {"type": "assert_return", "line": 498, "action": {"type": "invoke", "field": "f", "args": []}, "expected": [{"type": "f32", "value": "645922816"}]}, 
  {"type": "module", "line": 499, "filename": "const.207.wasm"}, 
  {"type": "assert_return", "line": 500, "action": {"type": "invoke", "field": "f", "args": []}, "expected": [{"type": "f32", "value": "2793406464"}]}, 
  {"type": "module", "line": 501, "filename": "const.208.wasm"}, 
  {"type": "assert_return", "line": 502, "action": {"type": "invoke", "field": "f", "args": []}, "expected": [{"type": "f32", "value": "645922817"}]}, 
  {"type": "module", "line": 503, "filename": "const.209.wasm"}, 
  {"type": "assert_return", "line": 504, "action": {"type": "invoke", "field": "f", "args": []}, "expected": [{"type": "f32", "value": "2793406465"}]}, 
  {"type": "module", "line": 505, "filename": "const.210.wasm"}, 
  {"type": "assert_return", "line": 506, "action": {"type": "invoke", "field": "f", "args": []}, "expected": [{"type": "f32", "value": "645922817"}]}, 
  {"type": "module", "line": 507, "filename": "const.211.wasm"}, 
  {"type": "assert_return", "line": 508, "action": {"type": "invoke", "field": "f", "args": []}, "expected": [{"type": "f32", "value": "2793406465"}]}, 
  {"type": "module", "line": 509, "filename": "const.212.wasm"}, 
  {"type": "assert_return", "line": 510, "action": {"type": "invoke", "field": "f", "args": []}, "expected": [{"type": "f32", "value": "645922817"}]}, 
  {"type": "module", "line": 511, "filename": "const.213.wasm"}, 
  {"type": "assert_return", "line": 512, "action": {"type": "invoke", "field": "f", "args": []}, "expected": [{"type": "f32", "value": "2793406465"}]}, 
  {"type": "module", "line": 513, "filename": "const.214.wasm"}, 
  {"type": "assert_return", "line": 514, "action": {"type": "invoke", "field": "f", "args": []}, "expected": [{"type": "f32", "value": "645922817"}]}, 
  {"type": "module", "line": 515, "filename": "const.215.wasm"}, 
  {"type": "assert_return", "line": 516, "action": {"type": "invoke", "field": "f", "args": []}, "expected": [{"type": "f32", "value": "2793406465"}]}, 
  {"type": "module", "line": 517, "filename": "const.216.wasm"}, 
  {"type": "assert_return", "line": 518, "action": {"type": "invoke", "field": "f", "args": []}, "expected": [{"type": "f32", "value": "645922817"}]}, 
  {"type": "module", "line": 519, "filename": "const.217.wasm"}, 
  {"type": "assert_return", "line": 520, "action": {"type": "invoke", "field": "f", "args": []}, "expected": [{"type": "f32", "value": "2793406465"}]}, 
  {"type": "module", "line": 521, "filename": "const.218.wasm"}, 
  {"type": "assert_return", "line": 522, "action": {"type": "invoke", "field": "f", "args": []}, "expected": [{"type": "f32", "value": "645922818"}]}, 
  {"type": "module", "line": 523, "filename": "const.219.wasm"}, 
  {"type": "assert_return", "line": 524, "action": {"type": "invoke", "field": "f", "args": []}, "expected": [{"type": "f32", "value": "2793406466"}]}, 
  {"type": "module", "line": 525, "filename": "const.220.wasm"}, 
  {"type": "assert_return", "line": 526, "action": {"type": "invoke", "field": "f", "args": []}, "expected": [{"type": "f32", "value": "645922818"}]}, 
  {"type": "module", "line": 527, "filename": "const.221.wasm"}, 
  {"type": "assert_return", "line": 528, "action": {"type": "invoke", "field": "f", "args": []}, "expected": [{"type": "f32", "value": "2793406466"}]}, 
  {"type": "module", "line": 529, "filename": "const.222.wasm"}, 
  {"type": "assert_return", "line": 530, "action": {"type": "invoke", "field": "f", "args": []}, "expected": [{"type": "f32", "value": "645922818"}]}, 
  {"type": "module", "line": 531, "filename": "const.223.wasm"}, 
  {"type": "assert_return", "line": 532, "action": {"type": "invoke", "field": "f", "args": []}, "expected": [{"type": "f32", "value": "2793406466"}]}, 
  {"type": "module", "line": 533, "filename": "const.224.wasm"}, 
  {"type": "assert_return", "line": 534, "action": {"type": "invoke", "field": "f", "args": []}, "expected": [{"type": "f32", "value": "645922818"}]}, 
  {"type": "module", "line": 535, "filename": "const.225.wasm"}, 
  {"type": "assert_return", "line": 536, "action": {"type": "invoke", "field": "f", "args": []}, "expected": [{"type": "f32", "value": "2793406466"}]}, 
  {"type": "module", "line": 537, "filename": "const.226.wasm"}, 
  {"type": "assert_return", "line": 538, "action": {"type": "invoke", "field": "f", "args": []}, "expected": [{"type": "f32", "value": "645922818"}]}, 
  {"type": "module", "line": 539, "filename": "const.227.wasm"}, 
  {"type": "assert_return", "line": 540, "action": {"type": "invoke", "field": "f", "args": []}, "expected": [{"type": "f32", "value": "2793406466"}]}, 
  {"type": "module", "line": 541, "filename": "const.228.wasm"}, 
  {"type": "assert_return", "line": 542, "action": {"type": "invoke", "field": "f", "args": []}, "expected": [{"type": "f32", "value": "645922819"}]}, 
  {"type": "module", "line": 543, "filename": "const.229.wasm"}, 
  {"type": "assert_return", "line": 544, "action": {"type": "invoke", "field": "f", "args": []}, "expected": [{"type": "f32", "value": "2793406467"}]}, 
  {"type": "module", "line": 546, "filename": "const.230.wasm"}, 
  {"type": "assert_return", "line": 547, "action": {"type": "invoke", "field": "f", "args": []}, "expected": [{"type": "f32", "value": "645922816"}]}, 
  {"type": "module", "line": 548, "filename": "const.231.wasm"}, 
  {"type": "assert_return", "line": 549, "action": {"type": "invoke", "field": "f", "args": []}, "expected": [{"type": "f32", "value": "2793406464"}]}, 
  {"type": "module", "line": 550, "filename": "const.232.wasm"}, 
  {"type": "assert_return", "line": 551, "action": {"type": "invoke", "field": "f", "args": []}, "expected": [{"type": "f32", "value": "645922817"}]}, 
  {"type": "module", "line": 552, "filename": "const.233.wasm"}, 
  {"type": "assert_return", "line": 553, "action": {"type": "invoke", "field": "f", "args": []}, "expected": [{"type": "f32", "value": "2793406465"}]}, 
  {"type": "module", "line": 554, "filename": "const.234.wasm"}, 
  {"type": "assert_return", "line": 555, "action": {"type": "invoke", "field": "f", "args": []}, "expected": [{"type": "f32", "value": "645922817"}]}, 
  {"type": "module", "line": 556, "filename": "const.235.wasm"}, 
  {"type": "assert_return", "line": 557, "action": {"type": "invoke", "field": "f", "args": []}, "expected": [{"type": "f32", "value": "2793406465"}]}, 
  {"type": "module", "line": 558, "filename": "const.236.wasm"}, 
  {"type": "assert_return", "line": 559, "action": {"type": "invoke", "field": "f", "args": []}, "expected": [{"type": "f32", "value": "645922818"}]}, 
  {"type": "module", "line": 560, "filename": "const.237.wasm"}, 
  {"type": "assert_return", "line": 561, "action": {"type": "invoke", "field": "f", "args": []}, "expected": [{"type": "f32", "value": "2793406466"}]}, 
  {"type": "module", "line": 564, "filename": "const.238.wasm"}, 
  {"type": "assert_return", "line": 565, "action": {"type": "invoke", "field": "f", "args": []}, "expected": [{"type": "f32", "value": "1484783616"}]}, 
  {"type": "module", "line": 566, "filename": "const.239.wasm"}, 
  {"type": "assert_return", "line": 567, "action": {"type": "invoke", "field": "f", "args": []}, "expected": [{"type": "f32", "value": "3632267264"}]}, 
  {"type": "module", "line": 568, "filename": "const.240.wasm"}, 
  {"type": "assert_return", "line": 569, "action": {"type": "invoke", "field": "f", "args": []}, "expected": [{"type": "f32", "value": "1484783617"}]}, 
  {"type": "module", "line": 570, "filename": "const.241.wasm"}, 
  {"type": "assert_return", "line": 571, "action": {"type": "invoke", "field": "f", "args": []}, "expected": [{"type": "f32", "value": "3632267265"}]}, 
  {"type": "module", "line": 572, "filename": "const.242.wasm"}, 
  {"type": "assert_return", "line": 573, "action": {"type": "invoke", "field": "f", "args": []}, "expected": [{"type": "f32", "value": "1484783617"}]}, 
  {"type": "module", "line": 574, "filename": "const.243.wasm"}, 
  {"type": "assert_return", "line": 575, "action": {"type": "invoke", "field": "f", "args": []}, "expected": [{"type": "f32", "value": "3632267265"}]}, 
  {"type": "module", "line": 576, "filename": "const.244.wasm"}, 
  {"type": "assert_return", "line": 577, "action": {"type": "invoke", "field": "f", "args": []}, "expected": [{"type": "f32", "value": "1484783617"}]}, 
  {"type": "module", "line": 578, "filename": "const.245.wasm"}, 
  {"type": "assert_return", "line": 579, "action": {"type": "invoke", "field": "f", "args": []}, "expected": [{"type": "f32", "value": "3632267265"}]}, 
  {"type": "module", "line": 580, "filename": "const.246.wasm"}, 
  {"type": "assert_return", "line": 581, "action": {"type": "invoke", "field": "f", "args": []}, "expected": [{"type": "f32", "value": "1484783617"}]}, 
  {"type": "module", "line": 582, "filename": "const.247.wasm"}, 
  {"type": "assert_return", "line": 583, "action": {"type": "invoke", "field": "f", "args": []}, "expected": [{"type": "f32", "value": "3632267265"}]}, 
  {"type": "module", "line": 584, "filename": "const.248.wasm"}, 
  {"type": "assert_return", "line": 585, "action": {"type": "invoke", "field": "f", "args": []}, "expected": [{"type": "f32", "value": "1484783617"}]}, 
  {"type": "module", "line": 586, "filename": "const.249.wasm"}, 
  {"type": "assert_return", "line": 587, "action": {"type": "invoke", "field": "f", "args": []}, "expected": [{"type": "f32", "value": "3632267265"}]}, 
  {"type": "module", "line": 588, "filename": "const.250.wasm"}, 
  {"type": "assert_return", "line": 589, "action": {"type": "invoke", "field": "f", "args": []}, "expected": [{"type": "f32", "value": "1484783618"}]}, 
  {"type": "module", "line": 590, "filename": "const.251.wasm"}, 
  {"type": "assert_return", "line": 591, "action": {"type": "invoke", "field": "f", "args": []}, "expected": [{"type": "f32", "value": "3632267266"}]}, 
  {"type": "module", "line": 592, "filename": "const.252.wasm"}, 
  {"type": "assert_return", "line": 593, "action": {"type": "invoke", "field": "f", "args": []}, "expected": [{"type": "f32", "value": "1484783618"}]}, 
  {"type": "module", "line": 594, "filename": "const.253.wasm"}, 
  {"type": "assert_return", "line": 595, "action": {"type": "invoke", "field": "f", "args": []}, "expected": [{"type": "f32", "value": "3632267266"}]}, 
  {"type": "module", "line": 596, "filename": "const.254.wasm"}, 
  {"type": "assert_return", "line": 597, "action": {"type": "invoke", "field": "f", "args": []}, "expected": [{"type": "f32", "value": "1484783618"}]}, 
  {"type": "module", "line": 598, "filename": "const.255.wasm"}, 
  {"type": "assert_return", "line": 599, "action": {"type": "invoke", "field": "f", "args": []}, "expected": [{"type": "f32", "value": "3632267266"}]}, 
  {"type": "module", "line": 600, "filename": "const.256.wasm"}, 
  {"type": "assert_return", "line": 601, "action": {"type": "invoke", "field": "f", "args": []}, "expected": [{"type": "f32", "value": "1484783618"}]}, 
  {"type": "module", "line": 602, "filename": "const.257.wasm"}, 
  {"type": "assert_return", "line": 603, "action": {"type": "invoke", "field": "f", "args": []}, "expected": [{"type": "f32", "value": "3632267266"}]}, 
  {"type": "module", "line": 604, "filename": "const.258.wasm"}, 
  {"type": "assert_return", "line": 605, "action": {"type": "invoke", "field": "f", "args": []}, "expected": [{"type": "f32", "value": "1484783618"}]}, 
  {"type": "module", "line": 606, "filename": "const.259.wasm"}, 
  {"type": "assert_return", "line": 607, "action": {"type": "invoke", "field": "f", "args": []}, "expected": [{"type": "f32", "value": "3632267266"}]}, 
  {"type": "module", "line": 608, "filename": "const.260.wasm"}, 
  {"type": "assert_return", "line": 609, "action": {"type": "invoke", "field": "f", "args": []}, "expected": [{"type": "f32", "value": "1484783618"}]}, 
  {"type": "module", "line": 610, "filename": "const.261.wasm"}, 
  {"type": "assert_return", "line": 611, "action": {"type": "invoke", "field": "f", "args": []}, "expected": [{"type": "f32", "value": "3632267266"}]}, 
  {"type": "module", "line": 612, "filename": "const.262.wasm"}, 
  {"type": "assert_return", "line": 613, "action": {"type": "invoke", "field": "f", "args": []}, "expected": [{"type": "f32", "value": "1484783618"}]}, 
  {"type": "module", "line": 614, "filename": "const.263.wasm"}, 
  {"type": "assert_return", "line": 615, "action": {"type": "invoke", "field": "f", "args": []}, "expected": [{"type": "f32", "value": "3632267266"}]}, 
  {"type": "module", "line": 616, "filename": "const.264.wasm"}, 
  {"type": "assert_return", "line": 617, "action": {"type": "invoke", "field": "f", "args": []}, "expected": [{"type": "f32", "value": "1484783619"}]}, 
  {"type": "module", "line": 618, "filename": "const.265.wasm"}, 
  {"type": "assert_return", "line": 619, "action": {"type": "invoke", "field": "f", "args": []}, "expected": [{"type": "f32", "value": "3632267267"}]}, 
  {"type": "module", "line": 621, "filename": "const.266.wasm"}, 
  {"type": "assert_return", "line": 622, "action": {"type": "invoke", "field": "f", "args": []}, "expected": [{"type": "f32", "value": "1484783616"}]}, 
  {"type": "module", "line": 623, "filename": "const.267.wasm"}, 
  {"type": "assert_return", "line": 624, "action": {"type": "invoke", "field": "f", "args": []}, "expected": [{"type": "f32", "value": "3632267264"}]}, 
  {"type": "module", "line": 625, "filename": "const.268.wasm"}, 
  {"type": "assert_return", "line": 626, "action": {"type": "invoke", "field": "f", "args": []}, "expected": [{"type": "f32", "value": "1484783617"}]}, 
  {"type": "module", "line": 627, "filename": "const.269.wasm"}, 
  {"type": "assert_return", "line": 628, "action": {"type": "invoke", "field": "f", "args": []}, "expected": [{"type": "f32", "value": "3632267265"}]}, 
  {"type": "module", "line": 629, "filename": "const.270.wasm"}, 
  {"type": "assert_return", "line": 630, "action": {"type": "invoke", "field": "f", "args": []}, "expected": [{"type": "f32", "value": "1484783617"}]}, 
  {"type": "module", "line": 631, "filename": "const.271.wasm"}, 
  {"type": "assert_return", "line": 632, "action": {"type": "invoke", "field": "f", "args": []}, "expected": [{"type": "f32", "value": "3632267265"}]}, 
  {"type": "module", "line": 633, "filename": "const.272.wasm"}, 
  {"type": "assert_return", "line": 634, "action": {"type": "invoke", "field": "f", "args": []}, "expected": [{"type": "f32", "value": "1484783617"}]}, 
  {"type": "module", "line": 635, "filename": "const.273.wasm"}, 
  {"type": "assert_return", "line": 636, "action": {"type": "invoke", "field": "f", "args": []}, "expected": [{"type": "f32", "value": "3632267265"}]}, 
  {"type": "module", "line": 637, "filename": "const.274.wasm"}, 
  {"type": "assert_return", "line": 638, "action": {"type": "invoke", "field": "f", "args": []}, "expected": [{"type": "f32", "value": "1484783617"}]}, 
  {"type": "module", "line": 639, "filename": "const.275.wasm"}, 
  {"type": "assert_return", "line": 640, "action": {"type": "invoke", "field": "f", "args": []}, "expected": [{"type": "f32", "value": "3632267265"}]}, 
  {"type": "module", "line": 641, "filename": "const.276.wasm"}, 
  {"type": "assert_return", "line": 642, "action": {"type": "invoke", "field": "f", "args": []}, "expected": [{"type": "f32", "value": "1484783617"}]}, 
  {"type": "module", "line": 643, "filename": "const.277.wasm"}, 
  {"type": "assert_return", "line": 644, "action": {"type": "invoke", "field": "f", "args": []}, "expected": [{"type": "f32", "value": "3632267265"}]}, 
  {"type": "module", "line": 645, "filename": "const.278.wasm"}, 
  {"type": "assert_return", "line": 646, "action": {"type": "invoke", "field": "f", "args": []}, "expected": [{"type": "f32", "value": "1484783618"}]}, 
  {"type": "module", "line": 647, "filename": "const.279.wasm"}, 
  {"type": "assert_return", "line": 648, "action": {"type": "invoke", "field": "f", "args": []}, "expected": [{"type": "f32", "value": "3632267266"}]}, 
  {"type": "module", "line": 650, "filename": "const.280.wasm"}, 
  {"type": "assert_return", "line": 651, "action": {"type": "invoke", "field": "f", "args": []}, "expected": [{"type": "f32", "value": "1484783616"}]}, 
  {"type": "module", "line": 652, "filename": "const.281.wasm"}, 
  {"type": "assert_return", "line": 653, "action": {"type": "invoke", "field": "f", "args": []}, "expected": [{"type": "f32", "value": "3632267264"}]}, 
  {"type": "module", "line": 654, "filename": "const.282.wasm"}, 
  {"type": "assert_return", "line": 655, "action": {"type": "invoke", "field": "f", "args": []}, "expected": [{"type": "f32", "value": "1484783617"}]}, 
  {"type": "module", "line": 656, "filename": "const.283.wasm"}, 
  {"type": "assert_return", "line": 657, "action": {"type": "invoke", "field": "f", "args": []}, "expected": [{"type": "f32", "value": "3632267265"}]}, 
  {"type": "module", "line": 658, "filename": "const.284.wasm"}, 
  {"type": "assert_return", "line": 659, "action": {"type": "invoke", "field": "f", "args": []}, "expected": [{"type": "f32", "value": "1484783617"}]}, 
  {"type": "module", "line": 660, "filename": "const.285.wasm"}, 
  {"type": "assert_return", "line": 661, "action": {"type": "invoke", "field": "f", "args": []}, "expected": [{"type": "f32", "value": "3632267265"}]}, 
  {"type": "module", "line": 662, "filename": "const.286.wasm"}, 
  {"type": "assert_return", "line": 663, "action": {"type": "invoke", "field": "f", "args": []}, "expected": [{"type": "f32", "value": "1484783618"}]}, 
  {"type": "module", "line": 664, "filename": "const.287.wasm"}, 
  {"type": "assert_return", "line": 665, "action": {"type": "invoke", "field": "f", "args": []}, "expected": [{"type": "f32", "value": "3632267266"}]}, 
  {"type": "module", "line": 668, "filename": "const.288.wasm"}, 
  {"type": "assert_return", "line": 669, "action": {"type": "invoke", "field": "f", "args": []}, "expected": [{"type": "f32", "value": "0"}]}, 
  {"type": "module", "line": 670, "filename": "const.289.wasm"}, 
  {"type": "assert_return", "line": 671, "action": {"type": "invoke", "field": "f", "args": []}, "expected": [{"type": "f32", "value": "2147483648"}]}, 
  {"type": "module", "line": 672, "filename": "const.290.wasm"}, 
  {"type": "assert_return", "line": 673, "action": {"type": "invoke", "field": "f", "args": []}, "expected": [{"type": "f32", "value": "1"}]}, 
  {"type": "module", "line": 674, "filename": "const.291.wasm"}, 
  {"type": "assert_return", "line": 675, "action": {"type": "invoke", "field": "f", "args": []}, "expected": [{"type": "f32", "value": "2147483649"}]}, 
  {"type": "module", "line": 676, "filename": "const.292.wasm"}, 
  {"type": "assert_return", "line": 677, "action": {"type": "invoke", "field": "f", "args": []}, "expected": [{"type": "f32", "value": "1"}]}, 
  {"type": "module", "line": 678, "filename": "const.293.wasm"}, 
  {"type": "assert_return", "line": 679, "action": {"type": "invoke", "field": "f", "args": []}, "expected": [{"type": "f32", "value": "2147483649"}]}, 
  {"type": "module", "line": 680, "filename": "const.294.wasm"}, 
  {"type": "assert_return", "line": 681, "action": {"type": "invoke", "field": "f", "args": []}, "expected": [{"type": "f32", "value": "1"}]}, 
  {"type": "module", "line": 682, "filename": "const.295.wasm"}, 
  {"type": "assert_return", "line": 683, "action": {"type": "invoke", "field": "f", "args": []}, "expected": [{"type": "f32", "value": "2147483649"}]}, 
  {"type": "module", "line": 684, "filename": "const.296.wasm"}, 
  {"type": "assert_return", "line": 685, "action": {"type": "invoke", "field": "f", "args": []}, "expected": [{"type": "f32", "value": "1"}]}, 
  {"type": "module", "line": 686, "filename": "const.297.wasm"}, 
  {"type": "assert_return", "line": 687, "action": {"type": "invoke", "field": "f", "args": []}, "expected": [{"type": "f32", "value": "2147483649"}]}, 
  {"type": "module", "line": 688, "filename": "const.298.wasm"}, 
  {"type": "assert_return", "line": 689, "action": {"type": "invoke", "field": "f", "args": []}, "expected": [{"type": "f32", "value": "1"}]}, 
  {"type": "module", "line": 690, "filename": "const.299.wasm"}, 
  {"type": "assert_return", "line": 691, "action": {"type": "invoke", "field": "f", "args": []}, "expected": [{"type": "f32", "value": "2147483649"}]}, 
  {"type": "module", "line": 692, "filename": "const.300.wasm"}, 
  {"type": "assert_return", "line": 693, "action": {"type": "invoke", "field": "f", "args": []}, "expected": [{"type": "f32", "value": "2"}]}, 
  {"type": "module", "line": 694, "filename": "const.301.wasm"}, 
  {"type": "assert_return", "line": 695, "action": {"type": "invoke", "field": "f", "args": []}, "expected": [{"type": "f32", "value": "2147483650"}]}, 
  {"type": "module", "line": 696, "filename": "const.302.wasm"}, 
  {"type": "assert_return", "line": 697, "action": {"type": "invoke", "field": "f", "args": []}, "expected": [{"type": "f32", "value": "2"}]}, 
  {"type": "module", "line": 698, "filename": "const.303.wasm"}, 
  {"type": "assert_return", "line": 699, "action": {"type": "invoke", "field": "f", "args": []}, "expected": [{"type": "f32", "value": "2147483650"}]}, 
  {"type": "module", "line": 700, "filename": "const.304.wasm"}, 
  {"type": "assert_return", "line": 701, "action": {"type": "invoke", "field": "f", "args": []}, "expected": [{"type": "f32", "value": "2"}]}, 
  {"type": "module", "line": 702, "filename": "const.305.wasm"}, 
  {"type": "assert_return", "line": 703, "action": {"type": "invoke", "field": "f", "args": []}, "expected": [{"type": "f32", "value": "2147483650"}]}, 
  {"type": "module", "line": 704, "filename": "const.306.wasm"}, 
  {"type": "assert_return", "line": 705, "action": {"type": "invoke", "field": "f", "args": []}, "expected": [{"type": "f32", "value": "2"}]}, 
  {"type": "module", "line": 706, "filename": "const.307.wasm"}, 
  {"type": "assert_return", "line": 707, "action": {"type": "invoke", "field": "f", "args": []}, "expected": [{"type": "f32", "value": "2147483650"}]}, 
  {"type": "module", "line": 708, "filename": "const.308.wasm"}, 
  {"type": "assert_return", "line": 709, "action": {"type": "invoke", "field": "f", "args": []}, "expected": [{"type": "f32", "value": "2"}]}, 
  {"type": "module", "line": 710, "filename": "const.309.wasm"}, 
  {"type": "assert_return", "line": 711, "action": {"type": "invoke", "field": "f", "args": []}, "expected": [{"type": "f32", "value": "2147483650"}]}, 
  {"type": "module", "line": 712, "filename": "const.310.wasm"}, 
  {"type": "assert_return", "line": 713, "action": {"type": "invoke", "field": "f", "args": []}, "expected": [{"type": "f32", "value": "2"}]}, 
  {"type": "module", "line": 714, "filename": "const.311.wasm"}, 
  {"type": "assert_return", "line": 715, "action": {"type": "invoke", "field": "f", "args": []}, "expected": [{"type": "f32", "value": "2147483650"}]}, 
  {"type": "module", "line": 716, "filename": "const.312.wasm"}, 
  {"type": "assert_return", "line": 717, "action": {"type": "invoke", "field": "f", "args": []}, "expected": [{"type": "f32", "value": "2"}]}, 
  {"type": "module", "line": 718, "filename": "const.313.wasm"}, 
  {"type": "assert_return", "line": 719, "action": {"type": "invoke", "field": "f", "args": []}, "expected": [{"type": "f32", "value": "2147483650"}]}, 
  {"type": "module", "line": 720, "filename": "const.314.wasm"}, 
  {"type": "assert_return", "line": 721, "action": {"type": "invoke", "field": "f", "args": []}, "expected": [{"type": "f32", "value": "3"}]}, 
  {"type": "module", "line": 722, "filename": "const.315.wasm"}, 
  {"type": "assert_return", "line": 723, "action": {"type": "invoke", "field": "f", "args": []}, "expected": [{"type": "f32", "value": "2147483651"}]}, 
  {"type": "module", "line": 726, "filename": "const.316.wasm"}, 
  {"type": "assert_return", "line": 727, "action": {"type": "invoke", "field": "f", "args": []}, "expected": [{"type": "f32", "value": "2139095039"}]}, 
  {"type": "module", "line": 728, "filename": "const.317.wasm"}, 
  {"type": "assert_return", "line": 729, "action": {"type": "invoke", "field": "f", "args": []}, "expected": [{"type": "f32", "value": "4286578687"}]}, 
  {"type": "module", "line": 730, "filename": "const.318.wasm"}, 
  {"type": "assert_return", "line": 731, "action": {"type": "invoke", "field": "f", "args": []}, "expected": [{"type": "f32", "value": "2139095039"}]}, 
  {"type": "module", "line": 732, "filename": "const.319.wasm"}, 
  {"type": "assert_return", "line": 733, "action": {"type": "invoke", "field": "f", "args": []}, "expected": [{"type": "f32", "value": "4286578687"}]}, 
  {"type": "module", "line": 734, "filename": "const.320.wasm"}, 
  {"type": "assert_return", "line": 735, "action": {"type": "invoke", "field": "f", "args": []}, "expected": [{"type": "f32", "value": "2139095039"}]}, 
  {"type": "module", "line": 736, "filename": "const.321.wasm"}, 
  {"type": "assert_return", "line": 737, "action": {"type": "invoke", "field": "f", "args": []}, "expected": [{"type": "f32", "value": "4286578687"}]}, 
  {"type": "module", "line": 740, "filename": "const.322.wasm"}, 
  {"type": "assert_return", "line": 741, "action": {"type": "invoke", "field": "f", "args": []}, "expected": [{"type": "f64", "value": "1905022642377719808"}]}, 
  {"type": "module", "line": 742, "filename": "const.323.wasm"}, 
  {"type": "assert_return", "line": 743, "action": {"type": "invoke", "field": "f", "args": []}, "expected": [{"type": "f64", "value": "11128394679232495616"}]}, 
  {"type": "module", "line": 744, "filename": "const.324.wasm"}, 
  {"type": "assert_return", "line": 745, "action": {"type": "invoke", "field": "f", "args": []}, "expected": [{"type": "f64", "value": "1905022642377719809"}]}, 
  {"type": "module", "line": 746, "filename": "const.325.wasm"}, 
  {"type": "assert_return", "line": 747, "action": {"type": "invoke", "field": "f", "args": []}, "expected": [{"type": "f64", "value": "11128394679232495617"}]}, 
  {"type": "module", "line": 748, "filename": "const.326.wasm"}, 
  {"type": "assert_return", "line": 749, "action": {"type": "invoke", "field": "f", "args": []}, "expected": [{"type": "f64", "value": "1905022642377719809"}]}, 
  {"type": "module", "line": 750, "filename": "const.327.wasm"}, 
  {"type": "assert_return", "line": 751, "action": {"type": "invoke", "field": "f", "args": []}, "expected": [{"type": "f64", "value": "11128394679232495617"}]}, 
  {"type": "module", "line": 752, "filename": "const.328.wasm"}, 
  {"type": "assert_return", "line": 753, "action": {"type": "invoke", "field": "f", "args": []}, "expected": [{"type": "f64", "value": "1905022642377719809"}]}, 
  {"type": "module", "line": 754, "filename": "const.329.wasm"}, 
  {"type": "assert_return", "line": 755, "action": {"type": "invoke", "field": "f", "args": []}, "expected": [{"type": "f64", "value": "11128394679232495617"}]}, 
  {"type": "module", "line": 756, "filename": "const.330.wasm"}, 
  {"type": "assert_return", "line": 757, "action": {"type": "invoke", "field": "f", "args": []}, "expected": [{"type": "f64", "value": "1905022642377719809"}]}, 
  {"type": "module", "line": 758, "filename": "const.331.wasm"}, 
  {"type": "assert_return", "line": 759, "action": {"type": "invoke", "field": "f", "args": []}, "expected": [{"type": "f64", "value": "11128394679232495617"}]}, 
  {"type": "module", "line": 760, "filename": "const.332.wasm"}, 
  {"type": "assert_return", "line": 761, "action": {"type": "invoke", "field": "f", "args": []}, "expected": [{"type": "f64", "value": "1905022642377719809"}]}, 
  {"type": "module", "line": 762, "filename": "const.333.wasm"}, 
  {"type": "assert_return", "line": 763, "action": {"type": "invoke", "field": "f", "args": []}, "expected": [{"type": "f64", "value": "11128394679232495617"}]}, 
  {"type": "module", "line": 764, "filename": "const.334.wasm"}, 
  {"type": "assert_return", "line": 765, "action": {"type": "invoke", "field": "f", "args": []}, "expected": [{"type": "f64", "value": "1905022642377719810"}]}, 
  {"type": "module", "line": 766, "filename": "const.335.wasm"}, 
  {"type": "assert_return", "line": 767, "action": {"type": "invoke", "field": "f", "args": []}, "expected": [{"type": "f64", "value": "11128394679232495618"}]}, 
  {"type": "module", "line": 768, "filename": "const.336.wasm"}, 
  {"type": "assert_return", "line": 769, "action": {"type": "invoke", "field": "f", "args": []}, "expected": [{"type": "f64", "value": "1905022642377719810"}]}, 
  {"type": "module", "line": 770, "filename": "const.337.wasm"}, 
  {"type": "assert_return", "line": 771, "action": {"type": "invoke", "field": "f", "args": []}, "expected": [{"type": "f64", "value": "11128394679232495618"}]}, 
  {"type": "module", "line": 772, "filename": "const.338.wasm"}, 
  {"type": "assert_return", "line": 773, "action": {"type": "invoke", "field": "f", "args": []}, "expected": [{"type": "f64", "value": "1905022642377719810"}]}, 
  {"type": "module", "line": 774, "filename": "const.339.wasm"}, 
  {"type": "assert_return", "line": 775, "action": {"type": "invoke", "field": "f", "args": []}, "expected": [{"type": "f64", "value": "11128394679232495618"}]}, 
  {"type": "module", "line": 776, "filename": "const.340.wasm"}, 
  {"type": "assert_return", "line": 777, "action": {"type": "invoke", "field": "f", "args": []}, "expected": [{"type": "f64", "value": "1905022642377719810"}]}, 
  {"type": "module", "line": 778, "filename": "const.341.wasm"}, 
  {"type": "assert_return", "line": 779, "action": {"type": "invoke", "field": "f", "args": []}, "expected": [{"type": "f64", "value": "11128394679232495618"}]}, 
  {"type": "module", "line": 780, "filename": "const.342.wasm"}, 
  {"type": "assert_return", "line": 781, "action": {"type": "invoke", "field": "f", "args": []}, "expected": [{"type": "f64", "value": "1905022642377719810"}]}, 
  {"type": "module", "line": 782, "filename": "const.343.wasm"}, 
  {"type": "assert_return", "line": 783, "action": {"type": "invoke", "field": "f", "args": []}, "expected": [{"type": "f64", "value": "11128394679232495618"}]}, 
  {"type": "module", "line": 784, "filename": "const.344.wasm"}, 
  {"type": "assert_return", "line": 785, "action": {"type": "invoke", "field": "f", "args": []}, "expected": [{"type": "f64", "value": "1905022642377719810"}]}, 
  {"type": "module", "line": 786, "filename": "const.345.wasm"}, 
  {"type": "assert_return", "line": 787, "action": {"type": "invoke", "field": "f", "args": []}, "expected": [{"type": "f64", "value": "11128394679232495618"}]}, 
  {"type": "module", "line": 788, "filename": "const.346.wasm"}, 
  {"type": "assert_return", "line": 789, "action": {"type": "invoke", "field": "f", "args": []}, "expected": [{"type": "f64", "value": "1905022642377719811"}]}, 
  {"type": "module", "line": 790, "filename": "const.347.wasm"}, 
  {"type": "assert_return", "line": 791, "action": {"type": "invoke", "field": "f", "args": []}, "expected": [{"type": "f64", "value": "11128394679232495619"}]}, 
  {"type": "module", "line": 793, "filename": "const.348.wasm"}, 
  {"type": "assert_return", "line": 794, "action": {"type": "invoke", "field": "f", "args": []}, "expected": [{"type": "f64", "value": "1905022642377719808"}]}, 
  {"type": "module", "line": 795, "filename": "const.349.wasm"}, 
  {"type": "assert_return", "line": 796, "action": {"type": "invoke", "field": "f", "args": []}, "expected": [{"type": "f64", "value": "11128394679232495616"}]}, 
  {"type": "module", "line": 797, "filename": "const.350.wasm"}, 
  {"type": "assert_return", "line": 798, "action": {"type": "invoke", "field": "f", "args": []}, "expected": [{"type": "f64", "value": "1905022642377719809"}]}, 
  {"type": "module", "line": 799, "filename": "const.351.wasm"}, 
  {"type": "assert_return", "line": 800, "action": {"type": "invoke", "field": "f", "args": []}, "expected": [{"type": "f64", "value": "11128394679232495617"}]}, 
  {"type": "module", "line": 801, "filename": "const.352.wasm"}, 
  {"type": "assert_return", "line": 802, "action": {"type": "invoke", "field": "f", "args": []}, "expected": [{"type": "f64", "value": "1905022642377719809"}]}, 
  {"type": "module", "line": 803, "filename": "const.353.wasm"}, 
  {"type": "assert_return", "line": 804, "action": {"type": "invoke", "field": "f", "args": []}, "expected": [{"type": "f64", "value": "11128394679232495617"}]}, 
  {"type": "module", "line": 805, "filename": "const.354.wasm"}, 
  {"type": "assert_return", "line": 806, "action": {"type": "invoke", "field": "f", "args": []}, "expected": [{"type": "f64", "value": "1905022642377719809"}]}, 
  {"type": "module", "line": 807, "filename": "const.355.wasm"}, 
  {"type": "assert_return", "line": 808, "action": {"type": "invoke", "field": "f", "args": []}, "expected": [{"type": "f64", "value": "11128394679232495617"}]}, 
  {"type": "module", "line": 809, "filename": "const.356.wasm"}, 
  {"type": "assert_return", "line": 810, "action": {"type": "invoke", "field": "f", "args": []}, "expected": [{"type": "f64", "value": "1905022642377719809"}]}, 
  {"type": "module", "line": 811, "filename": "const.357.wasm"}, 
  {"type": "assert_return", "line": 812, "action": {"type": "invoke", "field": "f", "args": []}, "expected": [{"type": "f64", "value": "11128394679232495617"}]}, 
  {"type": "module", "line": 813, "filename": "const.358.wasm"}, 
  {"type": "assert_return", "line": 814, "action": {"type": "invoke", "field": "f", "args": []}, "expected": [{"type": "f64", "value": "1905022642377719809"}]}, 
  {"type": "module", "line": 815, "filename": "const.359.wasm"}, 
  {"type": "assert_return", "line": 816, "action": {"type": "invoke", "field": "f", "args": []}, "expected": [{"type": "f64", "value": "11128394679232495617"}]}, 
  {"type": "module", "line": 817, "filename": "const.360.wasm"}, 
  {"type": "assert_return", "line": 818, "action": {"type": "invoke", "field": "f", "args": []}, "expected": [{"type": "f64", "value": "1905022642377719810"}]}, 
  {"type": "module", "line": 819, "filename": "const.361.wasm"}, 
  {"type": "assert_return", "line": 820, "action": {"type": "invoke", "field": "f", "args": []}, "expected": [{"type": "f64", "value": "11128394679232495618"}]}, 
  {"type": "module", "line": 821, "filename": "const.362.wasm"}, 
  {"type": "assert_return", "line": 822, "action": {"type": "invoke", "field": "f", "args": []}, "expected": [{"type": "f64", "value": "1905022642377719810"}]}, 
  {"type": "module", "line": 823, "filename": "const.363.wasm"}, 
  {"type": "assert_return", "line": 824, "action": {"type": "invoke", "field": "f", "args": []}, "expected": [{"type": "f64", "value": "11128394679232495618"}]}, 
  {"type": "module", "line": 825, "filename": "const.364.wasm"}, 
  {"type": "assert_return", "line": 826, "action": {"type": "invoke", "field": "f", "args": []}, "expected": [{"type": "f64", "value": "1905022642377719810"}]}, 
  {"type": "module", "line": 827, "filename": "const.365.wasm"}, 
  {"type": "assert_return", "line": 828, "action": {"type": "invoke", "field": "f", "args": []}, "expected": [{"type": "f64", "value": "11128394679232495618"}]}, 
  {"type": "module", "line": 829, "filename": "const.366.wasm"}, 
  {"type": "assert_return", "line": 830, "action": {"type": "invoke", "field": "f", "args": []}, "expected": [{"type": "f64", "value": "1905022642377719810"}]}, 
  {"type": "module", "line": 831, "filename": "const.367.wasm"}, 
  {"type": "assert_return", "line": 832, "action": {"type": "invoke", "field": "f", "args": []}, "expected": [{"type": "f64", "value": "11128394679232495618"}]}, 
  {"type": "module", "line": 833, "filename": "const.368.wasm"}, 
  {"type": "assert_return", "line": 834, "action": {"type": "invoke", "field": "f", "args": []}, "expected": [{"type": "f64", "value": "1905022642377719810"}]}, 
  {"type": "module", "line": 835, "filename": "const.369.wasm"}, 
  {"type": "assert_return", "line": 836, "action": {"type": "invoke", "field": "f", "args": []}, "expected": [{"type": "f64", "value": "11128394679232495618"}]}, 
  {"type": "module", "line": 837, "filename": "const.370.wasm"}, 
  {"type": "assert_return", "line": 838, "action": {"type": "invoke", "field": "f", "args": []}, "expected": [{"type": "f64", "value": "1905022642377719810"}]}, 
  {"type": "module", "line": 839, "filename": "const.371.wasm"}, 
  {"type": "assert_return", "line": 840, "action": {"type": "invoke", "field": "f", "args": []}, "expected": [{"type": "f64", "value": "11128394679232495618"}]}, 
  {"type": "module", "line": 841, "filename": "const.372.wasm"}, 
  {"type": "assert_return", "line": 842, "action": {"type": "invoke", "field": "f", "args": []}, "expected": [{"type": "f64", "value": "1905022642377719811"}]}, 
  {"type": "module", "line": 843, "filename": "const.373.wasm"}, 
  {"type": "assert_return", "line": 844, "action": {"type": "invoke", "field": "f", "args": []}, "expected": [{"type": "f64", "value": "11128394679232495619"}]}, 
  {"type": "module", "line": 846, "filename": "const.374.wasm"}, 
  {"type": "assert_return", "line": 847, "action": {"type": "invoke", "field": "f", "args": []}, "expected": [{"type": "f64", "value": "9106278446543142912"}]}, 
  {"type": "module", "line": 848, "filename": "const.375.wasm"}, 
  {"type": "assert_return", "line": 849, "action": {"type": "invoke", "field": "f", "args": []}, "expected": [{"type": "f64", "value": "18329650483397918720"}]}, 
  {"type": "module", "line": 850, "filename": "const.376.wasm"}, 
  {"type": "assert_return", "line": 851, "action": {"type": "invoke", "field": "f", "args": []}, "expected": [{"type": "f64", "value": "9106278446543142913"}]}, 
  {"type": "module", "line": 852, "filename": "const.377.wasm"}, 
  {"type": "assert_return", "line": 853, "action": {"type": "invoke", "field": "f", "args": []}, "expected": [{"type": "f64", "value": "18329650483397918721"}]}, 
  {"type": "module", "line": 854, "filename": "const.378.wasm"}, 
  {"type": "assert_return", "line": 855, "action": {"type": "invoke", "field": "f", "args": []}, "expected": [{"type": "f64", "value": "9106278446543142913"}]}, 
  {"type": "module", "line": 856, "filename": "const.379.wasm"}, 
  {"type": "assert_return", "line": 857, "action": {"type": "invoke", "field": "f", "args": []}, "expected": [{"type": "f64", "value": "18329650483397918721"}]}, 
  {"type": "module", "line": 858, "filename": "const.380.wasm"}, 
  {"type": "assert_return", "line": 859, "action": {"type": "invoke", "field": "f", "args": []}, "expected": [{"type": "f64", "value": "9106278446543142914"}]}, 
  {"type": "module", "line": 860, "filename": "const.381.wasm"}, 
  {"type": "assert_return", "line": 861, "action": {"type": "invoke", "field": "f", "args": []}, "expected": [{"type": "f64", "value": "18329650483397918722"}]}, 
  {"type": "module", "line": 864, "filename": "const.382.wasm"}, 
  {"type": "assert_return", "line": 865, "action": {"type": "invoke", "field": "f", "args": []}, "expected": [{"type": "f64", "value": "7309342195222315008"}]}, 
  {"type": "module", "line": 866, "filename": "const.383.wasm"}, 
  {"type": "assert_return", "line": 867, "action": {"type": "invoke", "field": "f", "args": []}, "expected": [{"type": "f64", "value": "16532714232077090816"}]}, 
  {"type": "module", "line": 868, "filename": "const.384.wasm"}, 
  {"type": "assert_return", "line": 869, "action": {"type": "invoke", "field": "f", "args": []}, "expected": [{"type": "f64", "value": "7309342195222315009"}]}, 
  {"type": "module", "line": 870, "filename": "const.385.wasm"}, 
  {"type": "assert_return", "line": 871, "action": {"type": "invoke", "field": "f", "args": []}, "expected": [{"type": "f64", "value": "16532714232077090817"}]}, 
  {"type": "module", "line": 872, "filename": "const.386.wasm"}, 
  {"type": "assert_return", "line": 873, "action": {"type": "invoke", "field": "f", "args": []}, "expected": [{"type": "f64", "value": "7309342195222315009"}]}, 
  {"type": "module", "line": 874, "filename": "const.387.wasm"}, 
  {"type": "assert_return", "line": 875, "action": {"type": "invoke", "field": "f", "args": []}, "expected": [{"type": "f64", "value": "16532714232077090817"}]}, 
  {"type": "module", "line": 876, "filename": "const.388.wasm"}, 
  {"type": "assert_return", "line": 877, "action": {"type": "invoke", "field": "f", "args": []}, "expected": [{"type": "f64", "value": "7309342195222315009"}]}, 
  {"type": "module", "line": 878, "filename": "const.389.wasm"}, 
  {"type": "assert_return", "line": 879, "action": {"type": "invoke", "field": "f", "args": []}, "expected": [{"type": "f64", "value": "16532714232077090817"}]}, 
  {"type": "module", "line": 880, "filename": "const.390.wasm"}, 
  {"type": "assert_return", "line": 881, "action": {"type": "invoke", "field": "f", "args": []}, "expected": [{"type": "f64", "value": "7309342195222315009"}]}, 
  {"type": "module", "line": 882, "filename": "const.391.wasm"}, 
  {"type": "assert_return", "line": 883, "action": {"type": "invoke", "field": "f", "args": []}, "expected": [{"type": "f64", "value": "16532714232077090817"}]}, 
  {"type": "module", "line": 884, "filename": "const.392.wasm"}, 
  {"type": "assert_return", "line": 885, "action": {"type": "invoke", "field": "f", "args": []}, "expected": [{"type": "f64", "value": "7309342195222315009"}]}, 
  {"type": "module", "line": 886, "filename": "const.393.wasm"}, 
  {"type": "assert_return", "line": 887, "action": {"type": "invoke", "field": "f", "args": []}, "expected": [{"type": "f64", "value": "16532714232077090817"}]}, 
  {"type": "module", "line": 888, "filename": "const.394.wasm"}, 
  {"type": "assert_return", "line": 889, "action": {"type": "invoke", "field": "f", "args": []}, "expected": [{"type": "f64", "value": "7309342195222315010"}]}, 
  {"type": "module", "line": 890, "filename": "const.395.wasm"}, 
  {"type": "assert_return", "line": 891, "action": {"type": "invoke", "field": "f", "args": []}, "expected": [{"type": "f64", "value": "16532714232077090818"}]}, 
  {"type": "module", "line": 892, "filename": "const.396.wasm"}, 
  {"type": "assert_return", "line": 893, "action": {"type": "invoke", "field": "f", "args": []}, "expected": [{"type": "f64", "value": "7309342195222315010"}]}, 
  {"type": "module", "line": 894, "filename": "const.397.wasm"}, 
  {"type": "assert_return", "line": 895, "action": {"type": "invoke", "field": "f", "args": []}, "expected": [{"type": "f64", "value": "16532714232077090818"}]}, 
  {"type": "module", "line": 896, "filename": "const.398.wasm"}, 
  {"type": "assert_return", "line": 897, "action": {"type": "invoke", "field": "f", "args": []}, "expected": [{"type": "f64", "value": "7309342195222315010"}]}, 
  {"type": "module", "line": 898, "filename": "const.399.wasm"}, 
  {"type": "assert_return", "line": 899, "action": {"type": "invoke", "field": "f", "args": []}, "expected": [{"type": "f64", "value": "16532714232077090818"}]}, 
  {"type": "module", "line": 900, "filename": "const.400.wasm"}, 
  {"type": "assert_return", "line": 901, "action": {"type": "invoke", "field": "f", "args": []}, "expected": [{"type": "f64", "value": "7309342195222315010"}]}, 
  {"type": "module", "line": 902, "filename": "const.401.wasm"}, 
  {"type": "assert_return", "line": 903, "action": {"type": "invoke", "field": "f", "args": []}, "expected": [{"type": "f64", "value": "16532714232077090818"}]}, 
  {"type": "module", "line": 904, "filename": "const.402.wasm"}, 
  {"type": "assert_return", "line": 905, "action": {"type": "invoke", "field": "f", "args": []}, "expected": [{"type": "f64", "value": "7309342195222315010"}]}, 
  {"type": "module", "line": 906, "filename": "const.403.wasm"}, 
  {"type": "assert_return", "line": 907, "action": {"type": "invoke", "field": "f", "args": []}, "expected": [{"type": "f64", "value": "16532714232077090818"}]}, 
  {"type": "module", "line": 908, "filename": "const.404.wasm"}, 
  {"type": "assert_return", "line": 909, "action": {"type": "invoke", "field": "f", "args": []}, "expected": [{"type": "f64", "value": "7309342195222315010"}]}, 
  {"type": "module", "line": 910, "filename": "const.405.wasm"}, 
  {"type": "assert_return", "line": 911, "action": {"type": "invoke", "field": "f", "args": []}, "expected": [{"type": "f64", "value": "16532714232077090818"}]}, 
  {"type": "module", "line": 912, "filename": "const.406.wasm"}, 
  {"type": "assert_return", "line": 913, "action": {"type": "invoke", "field": "f", "args": []}, "expected": [{"type": "f64", "value": "7309342195222315010"}]}, 
  {"type": "module", "line": 914, "filename": "const.407.wasm"}, 
  {"type": "assert_return", "line": 915, "action": {"type": "invoke", "field": "f", "args": []}, "expected": [{"type": "f64", "value": "16532714232077090818"}]}, 
  {"type": "module", "line": 916, "filename": "const.408.wasm"}, 
  {"type": "assert_return", "line": 917, "action": {"type": "invoke", "field": "f", "args": []}, "expected": [{"type": "f64", "value": "7309342195222315011"}]}, 
  {"type": "module", "line": 918, "filename": "const.409.wasm"}, 
  {"type": "assert_return", "line": 919, "action": {"type": "invoke", "field": "f", "args": []}, "expected": [{"type": "f64", "value": "16532714232077090819"}]}, 
  {"type": "module", "line": 921, "filename": "const.410.wasm"}, 
  {"type": "assert_return", "line": 922, "action": {"type": "invoke", "field": "f", "args": []}, "expected": [{"type": "f64", "value": "5044031582654955520"}]}, 
  {"type": "module", "line": 923, "filename": "const.411.wasm"}, 
  {"type": "assert_return", "line": 924, "action": {"type": "invoke", "field": "f", "args": []}, "expected": [{"type": "f64", "value": "14267403619509731328"}]}, 
  {"type": "module", "line": 925, "filename": "const.412.wasm"}, 
  {"type": "assert_return", "line": 926, "action": {"type": "invoke", "field": "f", "args": []}, "expected": [{"type": "f64", "value": "5044031582654955521"}]}, 
  {"type": "module", "line": 927, "filename": "const.413.wasm"}, 
  {"type": "assert_return", "line": 928, "action": {"type": "invoke", "field": "f", "args": []}, "expected": [{"type": "f64", "value": "14267403619509731329"}]}, 
  {"type": "module", "line": 929, "filename": "const.414.wasm"}, 
  {"type": "assert_return", "line": 930, "action": {"type": "invoke", "field": "f", "args": []}, "expected": [{"type": "f64", "value": "5044031582654955521"}]}, 
  {"type": "module", "line": 931, "filename": "const.415.wasm"}, 
  {"type": "assert_return", "line": 932, "action": {"type": "invoke", "field": "f", "args": []}, "expected": [{"type": "f64", "value": "14267403619509731329"}]}, 
  {"type": "module", "line": 933, "filename": "const.416.wasm"}, 
  {"type": "assert_return", "line": 934, "action": {"type": "invoke", "field": "f", "args": []}, "expected": [{"type": "f64", "value": "5044031582654955521"}]}, 
  {"type": "module", "line": 935, "filename": "const.417.wasm"}, 
  {"type": "assert_return", "line": 936, "action": {"type": "invoke", "field": "f", "args": []}, "expected": [{"type": "f64", "value": "14267403619509731329"}]}, 
  {"type": "module", "line": 937, "filename": "const.418.wasm"}, 
  {"type": "assert_return", "line": 938, "action": {"type": "invoke", "field": "f", "args": []}, "expected": [{"type": "f64", "value": "5044031582654955521"}]}, 
  {"type": "module", "line": 939, "filename": "const.419.wasm"}, 
  {"type": "assert_return", "line": 940, "action": {"type": "invoke", "field": "f", "args": []}, "expected": [{"type": "f64", "value": "14267403619509731329"}]}, 
  {"type": "module", "line": 941, "filename": "const.420.wasm"}, 
  {"type": "assert_return", "line": 942, "action": {"type": "invoke", "field": "f", "args": []}, "expected": [{"type": "f64", "value": "5044031582654955521"}]}, 
  {"type": "module", "line": 943, "filename": "const.421.wasm"}, 
  {"type": "assert_return", "line": 944, "action": {"type": "invoke", "field": "f", "args": []}, "expected": [{"type": "f64", "value": "14267403619509731329"}]}, 
  {"type": "module", "line": 945, "filename": "const.422.wasm"}, 
  {"type": "assert_return", "line": 946, "action": {"type": "invoke", "field": "f", "args": []}, "expected": [{"type": "f64", "value": "5044031582654955522"}]}, 
  {"type": "module", "line": 947, "filename": "const.423.wasm"}, 
  {"type": "assert_return", "line": 948, "action": {"type": "invoke", "field": "f", "args": []}, "expected": [{"type": "f64", "value": "14267403619509731330"}]}, 
  {"type": "module", "line": 949, "filename": "const.424.wasm"}, 
  {"type": "assert_return", "line": 950, "action": {"type": "invoke", "field": "f", "args": []}, "expected": [{"type": "f64", "value": "5044031582654955522"}]}, 
  {"type": "module", "line": 951, "filename": "const.425.wasm"}, 
  {"type": "assert_return", "line": 952, "action": {"type": "invoke", "field": "f", "args": []}, "expected": [{"type": "f64", "value": "14267403619509731330"}]}, 
  {"type": "module", "line": 953, "filename": "const.426.wasm"}, 
  {"type": "assert_return", "line": 954, "action": {"type": "invoke", "field": "f", "args": []}, "expected": [{"type": "f64", "value": "5044031582654955522"}]}, 
  {"type": "module", "line": 955, "filename": "const.427.wasm"}, 
  {"type": "assert_return", "line": 956, "action": {"type": "invoke", "field": "f", "args": []}, "expected": [{"type": "f64", "value": "14267403619509731330"}]}, 
  {"type": "module", "line": 957, "filename": "const.428.wasm"}, 
  {"type": "assert_return", "line": 958, "action": {"type": "invoke", "field": "f", "args": []}, "expected": [{"type": "f64", "value": "5044031582654955522"}]}, 
  {"type": "module", "line": 959, "filename": "const.429.wasm"}, 
  {"type": "assert_return", "line": 960, "action": {"type": "invoke", "field": "f", "args": []}, "expected": [{"type": "f64", "value": "14267403619509731330"}]}, 
  {"type": "module", "line": 961, "filename": "const.430.wasm"}, 
  {"type": "assert_return", "line": 962, "action": {"type": "invoke", "field": "f", "args": []}, "expected": [{"type": "f64", "value": "5044031582654955522"}]}, 
  {"type": "module", "line": 963, "filename": "const.431.wasm"}, 
  {"type": "assert_return", "line": 964, "action": {"type": "invoke", "field": "f", "args": []}, "expected": [{"type": "f64", "value": "14267403619509731330"}]}, 
  {"type": "module", "line": 965, "filename": "const.432.wasm"}, 
  {"type": "assert_return", "line": 966, "action": {"type": "invoke", "field": "f", "args": []}, "expected": [{"type": "f64", "value": "5044031582654955522"}]}, 
  {"type": "module", "line": 967, "filename": "const.433.wasm"}, 
  {"type": "assert_return", "line": 968, "action": {"type": "invoke", "field": "f", "args": []}, "expected": [{"type": "f64", "value": "14267403619509731330"}]}, 
  {"type": "module", "line": 969, "filename": "const.434.wasm"}, 
  {"type": "assert_return", "line": 970, "action": {"type": "invoke", "field": "f", "args": []}, "expected": [{"type": "f64", "value": "5044031582654955522"}]}, 
  {"type": "module", "line": 971, "filename": "const.435.wasm"}, 
  {"type": "assert_return", "line": 972, "action": {"type": "invoke", "field": "f", "args": []}, "expected": [{"type": "f64", "value": "14267403619509731330"}]}, 
  {"type": "module", "line": 973, "filename": "const.436.wasm"}, 
  {"type": "assert_return", "line": 974, "action": {"type": "invoke", "field": "f", "args": []}, "expected": [{"type": "f64", "value": "5044031582654955523"}]}, 
  {"type": "module", "line": 975, "filename": "const.437.wasm"}, 
  {"type": "assert_return", "line": 976, "action": {"type": "invoke", "field": "f", "args": []}, "expected": [{"type": "f64", "value": "14267403619509731331"}]}, 
  {"type": "module", "line": 978, "filename": "const.438.wasm"}, 
  {"type": "assert_return", "line": 979, "action": {"type": "invoke", "field": "f", "args": []}, "expected": [{"type": "f64", "value": "4877398396442247168"}]}, 
  {"type": "module", "line": 980, "filename": "const.439.wasm"}, 
  {"type": "assert_return", "line": 981, "action": {"type": "invoke", "field": "f", "args": []}, "expected": [{"type": "f64", "value": "14100770433297022976"}]}, 
  {"type": "module", "line": 982, "filename": "const.440.wasm"}, 
  {"type": "assert_return", "line": 983, "action": {"type": "invoke", "field": "f", "args": []}, "expected": [{"type": "f64", "value": "4877398396442247169"}]}, 
  {"type": "module", "line": 984, "filename": "const.441.wasm"}, 
  {"type": "assert_return", "line": 985, "action": {"type": "invoke", "field": "f", "args": []}, "expected": [{"type": "f64", "value": "14100770433297022977"}]}, 
  {"type": "module", "line": 986, "filename": "const.442.wasm"}, 
  {"type": "assert_return", "line": 987, "action": {"type": "invoke", "field": "f", "args": []}, "expected": [{"type": "f64", "value": "4877398396442247169"}]}, 
  {"type": "module", "line": 988, "filename": "const.443.wasm"}, 
  {"type": "assert_return", "line": 989, "action": {"type": "invoke", "field": "f", "args": []}, "expected": [{"type": "f64", "value": "14100770433297022977"}]}, 
  {"type": "module", "line": 990, "filename": "const.444.wasm"}, 
  {"type": "assert_return", "line": 991, "action": {"type": "invoke", "field": "f", "args": []}, "expected": [{"type": "f64", "value": "4877398396442247170"}]}, 
  {"type": "module", "line": 992, "filename": "const.445.wasm"}, 
  {"type": "assert_return", "line": 993, "action": {"type": "invoke", "field": "f", "args": []}, "expected": [{"type": "f64", "value": "14100770433297022978"}]}, 
  {"type": "module", "line": 996, "filename": "const.446.wasm"}, 
  {"type": "assert_return", "line": 997, "action": {"type": "invoke", "field": "f", "args": []}, "expected": [{"type": "f64", "value": "0"}]}, 
  {"type": "module", "line": 998, "filename": "const.447.wasm"}, 
  {"type": "assert_return", "line": 999, "action": {"type": "invoke", "field": "f", "args": []}, "expected": [{"type": "f64", "value": "9223372036854775808"}]}, 
  {"type": "module", "line": 1000, "filename": "const.448.wasm"}, 
  {"type": "assert_return", "line": 1001, "action": {"type": "invoke", "field": "f", "args": []}, "expected": [{"type": "f64", "value": "1"}]}, 
  {"type": "module", "line": 1002, "filename": "const.449.wasm"}, 
  {"type": "assert_return", "line": 1003, "action": {"type": "invoke", "field": "f", "args": []}, "expected": [{"type": "f64", "value": "9223372036854775809"}]}, 
  {"type": "module", "line": 1004, "filename": "const.450.wasm"}, 
  {"type": "assert_return", "line": 1005, "action": {"type": "invoke", "field": "f", "args": []}, "expected": [{"type": "f64", "value": "1"}]}, 
  {"type": "module", "line": 1006, "filename": "const.451.wasm"}, 
  {"type": "assert_return", "line": 1007, "action": {"type": "invoke", "field": "f", "args": []}, "expected": [{"type": "f64", "value": "9223372036854775809"}]}, 
  {"type": "module", "line": 1008, "filename": "const.452.wasm"}, 
  {"type": "assert_return", "line": 1009, "action": {"type": "invoke", "field": "f", "args": []}, "expected": [{"type": "f64", "value": "1"}]}, 
  {"type": "module", "line": 1010, "filename": "const.453.wasm"}, 
  {"type": "assert_return", "line": 1011, "action": {"type": "invoke", "field": "f", "args": []}, "expected": [{"type": "f64", "value": "9223372036854775809"}]}, 
  {"type": "module", "line": 1012, "filename": "const.454.wasm"}, 
  {"type": "assert_return", "line": 1013, "action": {"type": "invoke", "field": "f", "args": []}, "expected": [{"type": "f64", "value": "1"}]}, 
  {"type": "module", "line": 1014, "filename": "const.455.wasm"}, 
  {"type": "assert_return", "line": 1015, "action": {"type": "invoke", "field": "f", "args": []}, "expected": [{"type": "f64", "value": "9223372036854775809"}]}, 
  {"type": "module", "line": 1016, "filename": "const.456.wasm"}, 
  {"type": "assert_return", "line": 1017, "action": {"type": "invoke", "field": "f", "args": []}, "expected": [{"type": "f64", "value": "1"}]}, 
  {"type": "module", "line": 1018, "filename": "const.457.wasm"}, 
  {"type": "assert_return", "line": 1019, "action": {"type": "invoke", "field": "f", "args": []}, "expected": [{"type": "f64", "value": "9223372036854775809"}]}, 
  {"type": "module", "line": 1020, "filename": "const.458.wasm"}, 
  {"type": "assert_return", "line": 1021, "action": {"type": "invoke", "field": "f", "args": []}, "expected": [{"type": "f64", "value": "2"}]}, 
  {"type": "module", "line": 1022, "filename": "const.459.wasm"}, 
  {"type": "assert_return", "line": 1023, "action": {"type": "invoke", "field": "f", "args": []}, "expected": [{"type": "f64", "value": "9223372036854775810"}]}, 
  {"type": "module", "line": 1024, "filename": "const.460.wasm"}, 
  {"type": "assert_return", "line": 1025, "action": {"type": "invoke", "field": "f", "args": []}, "expected": [{"type": "f64", "value": "2"}]}, 
  {"type": "module", "line": 1026, "filename": "const.461.wasm"}, 
  {"type": "assert_return", "line": 1027, "action": {"type": "invoke", "field": "f", "args": []}, "expected": [{"type": "f64", "value": "9223372036854775810"}]}, 
  {"type": "module", "line": 1028, "filename": "const.462.wasm"}, 
  {"type": "assert_return", "line": 1029, "action": {"type": "invoke", "field": "f", "args": []}, "expected": [{"type": "f64", "value": "2"}]}, 
  {"type": "module", "line": 1030, "filename": "const.463.wasm"}, 
  {"type": "assert_return", "line": 1031, "action": {"type": "invoke", "field": "f", "args": []}, "expected": [{"type": "f64", "value": "9223372036854775810"}]}, 
  {"type": "module", "line": 1032, "filename": "const.464.wasm"}, 
  {"type": "assert_return", "line": 1033, "action": {"type": "invoke", "field": "f", "args": []}, "expected": [{"type": "f64", "value": "2"}]}, 
  {"type": "module", "line": 1034, "filename": "const.465.wasm"}, 
  {"type": "assert_return", "line": 1035, "action": {"type": "invoke", "field": "f", "args": []}, "expected": [{"type": "f64", "value": "9223372036854775810"}]}, 
  {"type": "module", "line": 1036, "filename": "const.466.wasm"}, 
  {"type": "assert_return", "line": 1037, "action": {"type": "invoke", "field": "f", "args": []}, "expected": [{"type": "f64", "value": "2"}]}, 
  {"type": "module", "line": 1038, "filename": "const.467.wasm"}, 
  {"type": "assert_return", "line": 1039, "action": {"type": "invoke", "field": "f", "args": []}, "expected": [{"type": "f64", "value": "9223372036854775810"}]}, 
  {"type": "module", "line": 1040, "filename": "const.468.wasm"}, 
  {"type": "assert_return", "line": 1041, "action": {"type": "invoke", "field": "f", "args": []}, "expected": [{"type": "f64", "value": "2"}]}, 
  {"type": "module", "line": 1042, "filename": "const.469.wasm"}, 
  {"type": "assert_return", "line": 1043, "action": {"type": "invoke", "field": "f", "args": []}, "expected": [{"type": "f64", "value": "9223372036854775810"}]}, 
  {"type": "module", "line": 1044, "filename": "const.470.wasm"}, 
  {"type": "assert_return", "line": 1045, "action": {"type": "invoke", "field": "f", "args": []}, "expected": [{"type": "f64", "value": "2"}]}, 
  {"type": "module", "line": 1046, "filename": "const.471.wasm"}, 
  {"type": "assert_return", "line": 1047, "action": {"type": "invoke", "field": "f", "args": []}, "expected": [{"type": "f64", "value": "9223372036854775810"}]}, 
  {"type": "module", "line": 1048, "filename": "const.472.wasm"}, 
  {"type": "assert_return", "line": 1049, "action": {"type": "invoke", "field": "f", "args": []}, "expected": [{"type": "f64", "value": "4503599627370499"}]}, 
  {"type": "module", "line": 1050, "filename": "const.473.wasm"}, 
  {"type": "assert_return", "line": 1051, "action": {"type": "invoke", "field": "f", "args": []}, "expected": [{"type": "f64", "value": "9227875636482146307"}]}, 
  {"type": "module", "line": 1054, "filename": "const.474.wasm"}, 
  {"type": "assert_return", "line": 1055, "action": {"type": "invoke", "field": "f", "args": []}, "expected": [{"type": "f64", "value": "9218868437227405311"}]}, 
  {"type": "module", "line": 1056, "filename": "const.475.wasm"}, 
  {"type": "assert_return", "line": 1057, "action": {"type": "invoke", "field": "f", "args": []}, "expected": [{"type": "f64", "value": "18442240474082181119"}]}, 
  {"type": "module", "line": 1058, "filename": "const.476.wasm"}, 
  {"type": "assert_return", "line": 1059, "action": {"type": "invoke", "field": "f", "args": []}, "expected": [{"type": "f64", "value": "9218868437227405311"}]}, 
  {"type": "module", "line": 1060, "filename": "const.477.wasm"}, 
  {"type": "assert_return", "line": 1061, "action": {"type": "invoke", "field": "f", "args": []}, "expected": [{"type": "f64", "value": "18442240474082181119"}]}]}
