{"source_filename": "data.wast",
 "commands": [
  {"type": "module", "line": 5, "filename": "data.0.wasm"}, 
  {"type": "module", "line": 35, "filename": "data.1.wasm"}, 
  {"type": "module", "line": 39, "filename": "data.2.wasm"}, 
  {"type": "module", "line": 44, "filename": "data.3.wasm"}, 
  {"type": "module", "line": 52, "filename": "data.4.wasm"}, 
  {"type": "module", "line": 62, "filename": "data.5.wasm"}, 
  {"type": "module", "line": 67, "filename": "data.6.wasm"}, 
  {"type": "module", "line": 73, "filename": "data.7.wasm"}, 
  {"type": "module", "line": 78, "filename": "data.8.wasm"}, 
  {"type": "assert_invalid", "line": 85, "filename": "data.9.wasm", "text": "unknown global", "module_type": "binary"}, 
  {"type": "assert_invalid", "line": 89, "filename": "data.10.wasm", "text": "unknown global", "module_type": "binary"}, 
  {"type": "module", "line": 96, "filename": "data.11.wasm"}, 
  {"type": "module", "line": 101, "filename": "data.12.wasm"}, 
  {"type": "module", "line": 107, "filename": "data.13.wasm"}, 
  {"type": "module", "line": 112, "filename": "data.14.wasm"}, 
  {"type": "module", "line": 116, "filename": "data.15.wasm"}, 
  {"type": "module", "line": 121, "filename": "data.16.wasm"}, 
  {"type": "module", "line": 126, "filename": "data.17.wasm"}, 
  {"type": "module", "line": 131, "filename": "data.18.wasm"}, 
  {"type": "module", "line": 135, "filename": "data.19.wasm"}, 
  {"type": "module", "line": 140, "filename": "data.20.wasm"}, 
  {"type": "module", "line": 145, "filename": "data.21.wasm"}, 
  {"type": "module", "line": 150, "filename": "data.22.wasm"}, 
  {"type": "module", "line": 155, "filename": "data.23.wasm"}, 
  {"type": "module", "line": 161, "filename": "data.24.wasm"}, 
  {"type": "module", "line": 167, "filename": "data.25.wasm"}, 
  {"type": "module", "line": 172, "filename": "data.26.wasm"}, 
  {"type": "assert_uninstantiable", "line": 180, "filename": "data.27.wasm", "text": "out of bounds memory access", "module_type": "binary"}, 
  {"type": "assert_uninstantiable", "line": 188, "filename": "data.28.wasm", "text": "out of bounds memory access", "module_type": "binary"}, 
  {"type": "assert_uninstantiable", "line": 196, "filename": "data.29.wasm", "text": "out of bounds memory access", "module_type": "binary"}, 
  {"type": "assert_uninstantiable", "line": 203, "filename": "data.30.wasm", "text": "out of bounds memory access", "module_type": "binary"}, 
  {"type": "assert_uninstantiable", "line": 210, "filename": "data.31.wasm", "text": "out of bounds memory access", "module_type": "binary"}, 
  {"type": "assert_uninstantiable", "line": 227, "filename": "data.32.wasm", "text": "out of bounds memory access", "module_type": "binary"}, 
  {"type": "assert_uninstantiable", "line": 236, "filename": "data.33.wasm", "text": "out of bounds memory access", "module_type": "binary"}, 
  {"type": "assert_uninstantiable", "line": 243, "filename": "data.34.wasm", "text": "out of bounds memory access", "module_type": "binary"}, 
  {"type": "assert_uninstantiable", "line": 251, "filename": "data.35.wasm", "text": "out of bounds memory access", "module_type": "binary"}, 
  {"type": "assert_uninstantiable", "line": 259, "filename": "data.36.wasm", "text": "out of bounds memory access", "module_type": "binary"}, 
  {"type": "assert_uninstantiable", "line": 267, "filename": "data.37.wasm", "text": "out of bounds memory access", "module_type": "binary"}, 
  {"type": "assert_uninstantiable", "line": 274, "filename": "data.38.wasm", "text": "out of bounds memory access", "module_type": "binary"}, 
  {"type": "assert_uninstantiable", "line": 282, "filename": "data.39.wasm", "text": "out of bounds memory access", "module_type": "binary"}, 
  {"type": "assert_uninstantiable", "line": 289, "filename": "data.40.wasm", "text": "out of bounds memory access", "module_type": "binary"}, 
  {"type": "assert_invalid", "line": 299, "filename": "data.41.wasm", "text": "unknown memory", "module_type": "binary"}, 
  {"type": "assert_invalid", "line": 307, "filename": "data.42.wasm", "text": "unknown memory 1", "module_type": "binary"}, 
  {"type": "assert_invalid", "line": 320, "filename": "data.43.wasm", "text": "unknown memory 0", "module_type": "binary"}, 
  {"type": "assert_invalid", "line": 331, "filename": "data.44.wasm", "text": "unknown memory 1", "module_type": "binary"}, 
  {"type": "assert_invalid", "line": 343, "filename": "data.45.wasm", "text": "unknown memory 1", "module_type": "binary"}, 
  {"type": "assert_invalid", "line": 365, "filename": "data.46.wasm", "text": "unknown memory 1", "module_type": "binary"}, 
  {"type": "assert_invalid", "line": 384, "filename": "data.47.wasm", "text": "type mismatch", "module_type": "binary"}, 
  {"type": "assert_invalid", "line": 392, "filename": "data.48.wasm", "text": "type mismatch", "module_type": "binary"}, 
  {"type": "assert_invalid", "line": 400, "filename": "data.49.wasm", "text": "type mismatch", "module_type": "binary"}, 
  {"type": "assert_invalid", "line": 408, "filename": "data.50.wasm", "text": "type mismatch", "module_type": "binary"}, 
  {"type": "assert_invalid", "line": 416, "filename": "data.51.wasm", "text": "type mismatch", "module_type": "binary"}, 
  {"type": "assert_invalid", "line": 425, "filename": "data.52.wasm", "text": "type mismatch", "module_type": "binary"}, 
  {"type": "assert_invalid", "line": 434, "filename": "data.53.wasm", "text": "constant expression required", "module_type": "binary"}, 
  {"type": "assert_invalid", "line": 442, "filename": "data.54.wasm", "text": "constant expression required", "module_type": "binary"}, 
  {"type": "assert_invalid", "line": 450, "filename": "data.55.wasm", "text": "constant expression required", "module_type": "binary"}, 
  {"type": "assert_invalid", "line": 458, "filename": "data.56.wasm", "text": "constant expression required", "module_type": "binary"}, 
  {"type": "assert_invalid", "line": 466, "filename": "data.57.wasm", "text": "constant expression required", "module_type": "binary"}, 
  {"type": "assert_invalid", "line": 475, "filename": "data.58.wasm", "text": "unknown global 0", "module_type": "binary"}, 
  {"type": "assert_invalid", "line": 483, "filename": "data.59.wasm", "text": "unknown global 1", "module_type": "binary"}, 
  {"type": "assert_invalid", "line": 492, "filename": "data.60.wasm", "text": "constant expression required", "module_type": "binary"}]}
