{"source_filename": "float_literals.wast",
 "commands": [
  {"type": "module", "line": 3, "filename": "float_literals.0.wasm"}, 
  {"type": "assert_return", "line": 121, "action": {"type": "invoke", "field": "f32.nan", "args": []}, "expected": [{"type": "i32", "value": "2143289344"}]}, 
  {"type": "assert_return", "line": 122, "action": {"type": "invoke", "field": "f32.positive_nan", "args": []}, "expected": [{"type": "i32", "value": "2143289344"}]}, 
  {"type": "assert_return", "line": 123, "action": {"type": "invoke", "field": "f32.negative_nan", "args": []}, "expected": [{"type": "i32", "value": "4290772992"}]}, 
  {"type": "assert_return", "line": 124, "action": {"type": "invoke", "field": "f32.plain_nan", "args": []}, "expected": [{"type": "i32", "value": "2143289344"}]}, 
  {"type": "assert_return", "line": 125, "action": {"type": "invoke", "field": "f32.informally_known_as_plain_snan", "args": []}, "expected": [{"type": "i32", "value": "2141192192"}]}, 
  {"type": "assert_return", "line": 126, "action": {"type": "invoke", "field": "f32.all_ones_nan", "args": []}, "expected": [{"type": "i32", "value": "4294967295"}]}, 
  {"type": "assert_return", "line": 127, "action": {"type": "invoke", "field": "f32.misc_nan", "args": []}, "expected": [{"type": "i32", "value": "2139169605"}]}, 
  {"type": "assert_return", "line": 128, "action": {"type": "invoke", "field": "f32.misc_positive_nan", "args": []}, "expected": [{"type": "i32", "value": "2142257232"}]}, 
  {"type": "assert_return", "line": 129, "action": {"type": "invoke", "field": "f32.misc_negative_nan", "args": []}, "expected": [{"type": "i32", "value": "4289379550"}]}, 
  {"type": "assert_return", "line": 130, "action": {"type": "invoke", "field": "f32.infinity", "args": []}, "expected": [{"type": "i32", "value": "2139095040"}]}, 
  {"type": "assert_return", "line": 131, "action": {"type": "invoke", "field": "f32.positive_infinity", "args": []}, "expected": [{"type": "i32", "value": "2139095040"}]}, 
  {"type": "assert_return", "line": 132, "action": {"type": "invoke", "field": "f32.negative_infinity", "args": []}, "expected": [{"type": "i32", "value": "4286578688"}]}, 
  {"type": "assert_return", "line": 133, "action": {"type": "invoke", "field": "f32.zero", "args": []}, "expected": [{"type": "i32", "value": "0"}]}, 
  {"type": "assert_return", "line": 134, "action": {"type": "invoke", "field": "f32.positive_zero", "args": []}, "expected": [{"type": "i32", "value": "0"}]}, 
  {"type": "assert_return", "line": 135, "action": {"type": "invoke", "field": "f32.negative_zero", "args": []}, "expected": [{"type": "i32", "value": "2147483648"}]}, 
  {"type": "assert_return", "line": 136, "action": {"type": "invoke", "field": "f32.misc", "args": []}, "expected": [{"type": "i32", "value": "1086918619"}]}, 
  {"type": "assert_return", "line": 137, "action": {"type": "invoke", "field": "f32.min_positive", "args": []}, "expected": [{"type": "i32", "value": "1"}]}, 
  {"type": "assert_return", "line": 138, "action": {"type": "invoke", "field": "f32.min_normal", "args": []}, "expected": [{"type": "i32", "value": "8388608"}]}, 
  {"type": "assert_return", "line": 139, "action": {"type": "invoke", "field": "f32.max_subnormal", "args": []}, "expected": [{"type": "i32", "value": "8388607"}]}, 
  {"type": "assert_return", "line": 140, "action": {"type": "invoke", "field": "f32.max_finite", "args": []}, "expected": [{"type": "i32", "value": "2139095039"}]}, 
  {"type": "assert_return", "line": 141, "action": {"type": "invoke", "field": "f32.trailing_dot", "args": []}, "expected": [{"type": "i32", "value": "1149239296"}]}, 
  {"type": "assert_return", "line": 142, "action": {"type": "invoke", "field": "f32.misc_int", "args": []}, "expected": [{"type": "i32", "value": "1200726656"}]}, 
  {"type": "assert_return", "line": 143, "action": {"type": "invoke", "field": "f32.large_int", "args": []}, "expected": [{"type": "i32", "value": "1736441856"}]}, 
  {"type": "assert_return", "line": 144, "action": {"type": "invoke", "field": "f32.min_int32", "args": []}, "expected": [{"type": "i32", "value": "3472883712"}]}, 
  {"type": "assert_return", "line": 145, "action": {"type": "invoke", "field": "f32.min_int64", "args": []}, "expected": [{"type": "i32", "value": "3741319168"}]}, 
  {"type": "assert_return", "line": 146, "action": {"type": "invoke", "field": "f32_dec.zero", "args": []}, "expected": [{"type": "i32", "value": "0"}]}, 
  {"type": "assert_return", "line": 147, "action": {"type": "invoke", "field": "f32_dec.positive_zero", "args": []}, "expected": [{"type": "i32", "value": "0"}]}, 
  {"type": "assert_return", "line": 148, "action": {"type": "invoke", "field": "f32_dec.negative_zero", "args": []}, "expected": [{"type": "i32", "value": "2147483648"}]}, 
  {"type": "assert_return", "line": 149, "action": {"type": "invoke", "field": "f32_dec.misc", "args": []}, "expected": [{"type": "i32", "value": "1086918619"}]}, 
  {"type": "assert_return", "line": 150, "action": {"type": "invoke", "field": "f32_dec.min_positive", "args": []}, "expected": [{"type": "i32", "value": "1"}]}, 
  {"type": "assert_return", "line": 151, "action": {"type": "invoke", "field": "f32_dec.min_normal", "args": []}, "expected": [{"type": "i32", "value": "8388608"}]}, 
  {"type": "assert_return", "line": 152, "action": {"type": "invoke", "field": "f32_dec.max_subnormal", "args": []}, "expected": [{"type": "i32", "value": "8388607"}]}, 
  {"type": "assert_return", "line": 153, "action": {"type": "invoke", "field": "f32_dec.max_finite", "args": []}, "expected": [{"type": "i32", "value": "2139095039"}]}, 
  {"type": "assert_return", "line": 154, "action": {"type": "invoke", "field": "f32_dec.trailing_dot", "args": []}, "expected": [{"type": "i32", "value": "1343554297"}]}, 
  {"type": "assert_return", "line": 155, "action": {"type": "invoke", "field": "f32_dec.root_beer_float", "args": []}, "expected": [{"type": "i32", "value": "1065353217"}]}, 
  {"type": "assert_return", "line": 156, "action": {"type": "invoke", "field": "f32_dec.misc_int", "args": []}, "expected": [{"type": "i32", "value": "1178657792"}]}, 
  {"type": "assert_return", "line": 157, "action": {"type": "invoke", "field": "f32_dec.large_int", "args": []}, "expected": [{"type": "i32", "value": "1621981420"}]}, 
  {"type": "assert_return", "line": 158, "action": {"type": "invoke", "field": "f32_dec.min_int32", "args": []}, "expected": [{"type": "i32", "value": "3472883712"}]}, 
  {"type": "assert_return", "line": 159, "action": {"type": "invoke", "field": "f32_dec.min_int64", "args": []}, "expected": [{"type": "i32", "value": "3741319168"}]}, 
  {"type": "assert_return", "line": 161, "action": {"type": "invoke", "field": "f64.nan", "args": []}, "expected": [{"type": "i64", "value": "9221120237041090560"}]}, 
  {"type": "assert_return", "line": 162, "action": {"type": "invoke", "field": "f64.positive_nan", "args": []}, "expected": [{"type": "i64", "value": "9221120237041090560"}]}, 
  {"type": "assert_return", "line": 163, "action": {"type": "invoke", "field": "f64.negative_nan", "args": []}, "expected": [{"type": "i64", "value": "18444492273895866368"}]}, 
  {"type": "assert_return", "line": 164, "action": {"type": "invoke", "field": "f64.plain_nan", "args": []}, "expected": [{"type": "i64", "value": "9221120237041090560"}]}, 
  {"type": "assert_return", "line": 165, "action": {"type": "invoke", "field": "f64.informally_known_as_plain_snan", "args": []}, "expected": [{"type": "i64", "value": "9219994337134247936"}]}, 
  {"type": "assert_return", "line": 166, "action": {"type": "invoke", "field": "f64.all_ones_nan", "args": []}, "expected": [{"type": "i64", "value": "18446744073709551615"}]}, 
  {"type": "assert_return", "line": 167, "action": {"type": "invoke", "field": "f64.misc_nan", "args": []}, "expected": [{"type": "i64", "value": "9218888453225749180"}]}, 
  {"type": "assert_return", "line": 168, "action": {"type": "invoke", "field": "f64.misc_positive_nan", "args": []}, "expected": [{"type": "i64", "value": "9219717281780008969"}]}, 
  {"type": "assert_return", "line": 169, "action": {"type": "invoke", "field": "f64.misc_negative_nan", "args": []}, "expected": [{"type": "i64", "value": "18442992325002076997"}]}, 
  {"type": "assert_return", "line": 170, "action": {"type": "invoke", "field": "f64.infinity", "args": []}, "expected": [{"type": "i64", "value": "9218868437227405312"}]}, 
  {"type": "assert_return", "line": 171, "action": {"type": "invoke", "field": "f64.positive_infinity", "args": []}, "expected": [{"type": "i64", "value": "9218868437227405312"}]}, 
  {"type": "assert_return", "line": 172, "action": {"type": "invoke", "field": "f64.negative_infinity", "args": []}, "expected": [{"type": "i64", "value": "18442240474082181120"}]}, 
  {"type": "assert_return", "line": 173, "action": {"type": "invoke", "field": "f64.zero", "args": []}, "expected": [{"type": "i64", "value": "0"}]}, 
  {"type": "assert_return", "line": 174, "action": {"type": "invoke", "field": "f64.positive_zero", "args": []}, "expected": [{"type": "i64", "value": "0"}]}, 
  {"type": "assert_return", "line": 175, "action": {"type": "invoke", "field": "f64.negative_zero", "args": []}, "expected": [{"type": "i64", "value": "9223372036854775808"}]}, 
  {"type": "assert_return", "line": 176, "action": {"type": "invoke", "field": "f64.misc", "args": []}, "expected": [{"type": "i64", "value": "4618760256179416344"}]}, 
  {"type": "assert_return", "line": 177, "action": {"type": "invoke", "field": "f64.min_positive", "args": []}, "expected": [{"type": "i64", "value": "1"}]}, 
  {"type": "assert_return", "line": 178, "action": {"type": "invoke", "field": "f64.min_normal", "args": []}, "expected": [{"type": "i64", "value": "4503599627370496"}]}, 
  {"type": "assert_return", "line": 179, "action": {"type": "invoke", "field": "f64.max_subnormal", "args": []}, "expected": [{"type": "i64", "value": "4503599627370495"}]}, 
  {"type": "assert_return", "line": 180, "action": {"type": "invoke", "field": "f64.max_finite", "args": []}, "expected": [{"type": "i64", "value": "9218868437227405311"}]}, 
  {"type": "assert_return", "line": 181, "action": {"type": "invoke", "field": "f64.trailing_dot", "args": []}, "expected": [{"type": "i64", "value": "5057542381537067008"}]}, 
  {"type": "assert_return", "line": 182, "action": {"type": "invoke", "field": "f64.misc_int", "args": []}, "expected": [{"type": "i64", "value": "4679860480993394688"}]}, 
  {"type": "assert_return", "line": 183, "action": {"type": "invoke", "field": "f64.large_int", "args": []}, "expected": [{"type": "i64", "value": "4967470388989657088"}]}, 
  {"type": "assert_return", "line": 184, "action": {"type": "invoke", "field": "f64.min_int32", "args": []}, "expected": [{"type": "i64", "value": "13970166044103278592"}]}, 
  {"type": "assert_return", "line": 185, "action": {"type": "invoke", "field": "f64.min_int64", "args": []}, "expected": [{"type": "i64", "value": "14114281232179134464"}]}, 
  {"type": "assert_return", "line": 186, "action": {"type": "invoke", "field": "f64_dec.zero", "args": []}, "expected": [{"type": "i64", "value": "0"}]}, 
  {"type": "assert_return", "line": 187, "action": {"type": "invoke", "field": "f64_dec.positive_zero", "args": []}, "expected": [{"type": "i64", "value": "0"}]}, 
  {"type": "assert_return", "line": 188, "action": {"type": "invoke", "field": "f64_dec.negative_zero", "args": []}, "expected": [{"type": "i64", "value": "9223372036854775808"}]}, 
  {"type": "assert_return", "line": 189, "action": {"type": "invoke", "field": "f64_dec.misc", "args": []}, "expected": [{"type": "i64", "value": "4618760256179416344"}]}, 
  {"type": "assert_return", "line": 190, "action": {"type": "invoke", "field": "f64_dec.min_positive", "args": []}, "expected": [{"type": "i64", "value": "1"}]}, 
  {"type": "assert_return", "line": 191, "action": {"type": "invoke", "field": "f64_dec.min_normal", "args": []}, "expected": [{"type": "i64", "value": "4503599627370496"}]}, 
  {"type": "assert_return", "line": 192, "action": {"type": "invoke", "field": "f64_dec.max_subnormal", "args": []}, "expected": [{"type": "i64", "value": "4503599627370495"}]}, 
  {"type": "assert_return", "line": 193, "action": {"type": "invoke", "field": "f64_dec.max_finite", "args": []}, "expected": [{"type": "i64", "value": "9218868437227405311"}]}, 
  {"type": "assert_return", "line": 194, "action": {"type": "invoke", "field": "f64_dec.trailing_dot", "args": []}, "expected": [{"type": "i64", "value": "6103021453049119613"}]}, 
  {"type": "assert_return", "line": 195, "action": {"type": "invoke", "field": "f64_dec.root_beer_float", "args": []}, "expected": [{"type": "i64", "value": "4607182419335945764"}]}, 
  {"type": "assert_return", "line": 196, "action": {"type": "invoke", "field": "f64_dec.misc_int", "args": []}, "expected": [{"type": "i64", "value": "4668012349850910720"}]}, 
  {"type": "assert_return", "line": 197, "action": {"type": "invoke", "field": "f64_dec.large_int", "args": []}, "expected": [{"type": "i64", "value": "4906019910204099648"}]}, 
  {"type": "assert_return", "line": 198, "action": {"type": "invoke", "field": "f64_dec.min_int32", "args": []}, "expected": [{"type": "i64", "value": "13970166044103278592"}]}, 
  {"type": "assert_return", "line": 199, "action": {"type": "invoke", "field": "f64_dec.min_int64", "args": []}, "expected": [{"type": "i64", "value": "14114281232179134464"}]}, 
  {"type": "assert_return", "line": 201, "action": {"type": "invoke", "field": "f32-dec-sep1", "args": []}, "expected": [{"type": "f32", "value": "1232348160"}]}, 
  {"type": "assert_return", "line": 202, "action": {"type": "invoke", "field": "f32-dec-sep2", "args": []}, "expected": [{"type": "f32", "value": "1148846080"}]}, 
  {"type": "assert_return", "line": 203, "action": {"type": "invoke", "field": "f32-dec-sep3", "args": []}, "expected": [{"type": "f32", "value": "1148897552"}]}, 
  {"type": "assert_return", "line": 204, "action": {"type": "invoke", "field": "f32-dec-sep4", "args": []}, "expected": [{"type": "f32", "value": "1482758550"}]}, 
  {"type": "assert_return", "line": 205, "action": {"type": "invoke", "field": "f32-dec-sep5", "args": []}, "expected": [{"type": "f32", "value": "1847438964"}]}, 
  {"type": "assert_return", "line": 206, "action": {"type": "invoke", "field": "f32-hex-sep1", "args": []}, "expected": [{"type": "f32", "value": "1294004234"}]}, 
  {"type": "assert_return", "line": 207, "action": {"type": "invoke", "field": "f32-hex-sep2", "args": []}, "expected": [{"type": "f32", "value": "1205143424"}]}, 
  {"type": "assert_return", "line": 208, "action": {"type": "invoke", "field": "f32-hex-sep3", "args": []}, "expected": [{"type": "f32", "value": "1193345009"}]}, 
  {"type": "assert_return", "line": 209, "action": {"type": "invoke", "field": "f32-hex-sep4", "args": []}, "expected": [{"type": "f32", "value": "1240465408"}]}, 
  {"type": "assert_return", "line": 210, "action": {"type": "invoke", "field": "f32-hex-sep5", "args": []}, "expected": [{"type": "f32", "value": "1437319208"}]}, 
  {"type": "assert_return", "line": 212, "action": {"type": "invoke", "field": "f64-dec-sep1", "args": []}, "expected": [{"type": "f64", "value": "4696837146684686336"}]}, 
  {"type": "assert_return", "line": 213, "action": {"type": "invoke", "field": "f64-dec-sep2", "args": []}, "expected": [{"type": "f64", "value": "4652007308841189376"}]}, 
  {"type": "assert_return", "line": 214, "action": {"type": "invoke", "field": "f64-dec-sep3", "args": []}, "expected": [{"type": "f64", "value": "4652034942576659200"}]}, 
  {"type": "assert_return", "line": 215, "action": {"type": "invoke", "field": "f64-dec-sep4", "args": []}, "expected": [{"type": "f64", "value": "2796837019126844485"}]}, 
  {"type": "assert_return", "line": 216, "action": {"type": "invoke", "field": "f64-dec-sep5", "args": []}, "expected": [{"type": "f64", "value": "5027061507362119324"}]}, 
  {"type": "assert_return", "line": 217, "action": {"type": "invoke", "field": "f64-hex-sep1", "args": []}, "expected": [{"type": "f64", "value": "4838519794133185330"}]}, 
  {"type": "assert_return", "line": 218, "action": {"type": "invoke", "field": "f64-hex-sep2", "args": []}, "expected": [{"type": "f64", "value": "4682231715257647104"}]}, 
  {"type": "assert_return", "line": 219, "action": {"type": "invoke", "field": "f64-hex-sep3", "args": []}, "expected": [{"type": "f64", "value": "4675897489574114112"}]}, 
  {"type": "assert_return", "line": 220, "action": {"type": "invoke", "field": "f64-hex-sep4", "args": []}, "expected": [{"type": "f64", "value": "4701195061021376512"}]}, 
  {"type": "assert_return", "line": 221, "action": {"type": "invoke", "field": "f64-hex-sep5", "args": []}, "expected": [{"type": "f64", "value": "4806880140420149248"}]}, 
  {"type": "module", "line": 224, "filename": "float_literals.1.wasm"}, 
  {"type": "assert_return", "line": 233, "action": {"type": "invoke", "field": "4294967249", "args": []}, "expected": [{"type": "f64", "value": "4751297606777307136"}]}, 
  {"type": "assert_malformed", "line": 236, "filename": "float_literals.2.wat", "text": "unknown operator", "module_type": "text"}, 
  {"type": "assert_malformed", "line": 240, "filename": "float_literals.3.wat", "text": "unknown operator", "module_type": "text"}, 
  {"type": "assert_malformed", "line": 244, "filename": "float_literals.4.wat", "text": "unknown operator", "module_type": "text"}, 
  {"type": "assert_malformed", "line": 248, "filename": "float_literals.5.wat", "text": "unknown operator", "module_type": "text"}, 
  {"type": "assert_malformed", "line": 252, "filename": "float_literals.6.wat", "text": "unknown operator", "module_type": "text"}, 
  {"type": "assert_malformed", "line": 256, "filename": "float_literals.7.wat", "text": "unknown operator", "module_type": "text"}, 
  {"type": "assert_malformed", "line": 260, "filename": "float_literals.8.wat", "text": "unknown operator", "module_type": "text"}, 
  {"type": "assert_malformed", "line": 264, "filename": "float_literals.9.wat", "text": "unknown operator", "module_type": "text"}, 
  {"type": "assert_malformed", "line": 268, "filename": "float_literals.10.wat", "text": "unknown operator", "module_type": "text"}, 
  {"type": "assert_malformed", "line": 272, "filename": "float_literals.11.wat", "text": "unknown operator", "module_type": "text"}, 
  {"type": "assert_malformed", "line": 276, "filename": "float_literals.12.wat", "text": "unknown operator", "module_type": "text"}, 
  {"type": "assert_malformed", "line": 280, "filename": "float_literals.13.wat", "text": "unknown operator", "module_type": "text"}, 
  {"type": "assert_malformed", "line": 284, "filename": "float_literals.14.wat", "text": "unknown operator", "module_type": "text"}, 
  {"type": "assert_malformed", "line": 288, "filename": "float_literals.15.wat", "text": "unknown operator", "module_type": "text"}, 
  {"type": "assert_malformed", "line": 292, "filename": "float_literals.16.wat", "text": "unknown operator", "module_type": "text"}, 
  {"type": "assert_malformed", "line": 296, "filename": "float_literals.17.wat", "text": "unknown operator", "module_type": "text"}, 
  {"type": "assert_malformed", "line": 300, "filename": "float_literals.18.wat", "text": "unknown operator", "module_type": "text"}, 
  {"type": "assert_malformed", "line": 304, "filename": "float_literals.19.wat", "text": "unknown operator", "module_type": "text"}, 
  {"type": "assert_malformed", "line": 308, "filename": "float_literals.20.wat", "text": "unknown operator", "module_type": "text"}, 
  {"type": "assert_malformed", "line": 312, "filename": "float_literals.21.wat", "text": "unknown operator", "module_type": "text"}, 
  {"type": "assert_malformed", "line": 316, "filename": "float_literals.22.wat", "text": "unknown operator", "module_type": "text"}, 
  {"type": "assert_malformed", "line": 320, "filename": "float_literals.23.wat", "text": "unknown operator", "module_type": "text"}, 
  {"type": "assert_malformed", "line": 324, "filename": "float_literals.24.wat", "text": "unknown operator", "module_type": "text"}, 
  {"type": "assert_malformed", "line": 328, "filename": "float_literals.25.wat", "text": "unknown operator", "module_type": "text"}, 
  {"type": "assert_malformed", "line": 332, "filename": "float_literals.26.wat", "text": "unknown operator", "module_type": "text"}, 
  {"type": "assert_malformed", "line": 336, "filename": "float_literals.27.wat", "text": "unknown operator", "module_type": "text"}, 
  {"type": "assert_malformed", "line": 340, "filename": "float_literals.28.wat", "text": "unknown operator", "module_type": "text"}, 
  {"type": "assert_malformed", "line": 344, "filename": "float_literals.29.wat", "text": "unknown operator", "module_type": "text"}, 
  {"type": "assert_malformed", "line": 348, "filename": "float_literals.30.wat", "text": "unknown operator", "module_type": "text"}, 
  {"type": "assert_malformed", "line": 352, "filename": "float_literals.31.wat", "text": "unknown operator", "module_type": "text"}, 
  {"type": "assert_malformed", "line": 356, "filename": "float_literals.32.wat", "text": "unknown operator", "module_type": "text"}, 
  {"type": "assert_malformed", "line": 360, "filename": "float_literals.33.wat", "text": "unknown operator", "module_type": "text"}, 
  {"type": "assert_malformed", "line": 364, "filename": "float_literals.34.wat", "text": "unknown operator", "module_type": "text"}, 
  {"type": "assert_malformed", "line": 368, "filename": "float_literals.35.wat", "text": "unknown operator", "module_type": "text"}, 
  {"type": "assert_malformed", "line": 372, "filename": "float_literals.36.wat", "text": "unknown operator", "module_type": "text"}, 
  {"type": "assert_malformed", "line": 376, "filename": "float_literals.37.wat", "text": "unknown operator", "module_type": "text"}, 
  {"type": "assert_malformed", "line": 380, "filename": "float_literals.38.wat", "text": "unknown operator", "module_type": "text"}, 
  {"type": "assert_malformed", "line": 384, "filename": "float_literals.39.wat", "text": "unknown operator", "module_type": "text"}, 
  {"type": "assert_malformed", "line": 388, "filename": "float_literals.40.wat", "text": "constant out of range", "module_type": "text"}, 
  {"type": "assert_malformed", "line": 393, "filename": "float_literals.41.wat", "text": "unknown operator", "module_type": "text"}, 
  {"type": "assert_malformed", "line": 397, "filename": "float_literals.42.wat", "text": "unknown operator", "module_type": "text"}, 
  {"type": "assert_malformed", "line": 401, "filename": "float_literals.43.wat", "text": "unknown operator", "module_type": "text"}, 
  {"type": "assert_malformed", "line": 405, "filename": "float_literals.44.wat", "text": "unknown operator", "module_type": "text"}, 
  {"type": "assert_malformed", "line": 409, "filename": "float_literals.45.wat", "text": "unknown operator", "module_type": "text"}, 
  {"type": "assert_malformed", "line": 413, "filename": "float_literals.46.wat", "text": "unknown operator", "module_type": "text"}, 
  {"type": "assert_malformed", "line": 417, "filename": "float_literals.47.wat", "text": "unknown operator", "module_type": "text"}, 
  {"type": "assert_malformed", "line": 421, "filename": "float_literals.48.wat", "text": "unknown operator", "module_type": "text"}, 
  {"type": "assert_malformed", "line": 425, "filename": "float_literals.49.wat", "text": "unknown operator", "module_type": "text"}, 
  {"type": "assert_malformed", "line": 429, "filename": "float_literals.50.wat", "text": "unknown operator", "module_type": "text"}, 
  {"type": "assert_malformed", "line": 433, "filename": "float_literals.51.wat", "text": "unknown operator", "module_type": "text"}, 
  {"type": "assert_malformed", "line": 437, "filename": "float_literals.52.wat", "text": "unknown operator", "module_type": "text"}, 
  {"type": "assert_malformed", "line": 441, "filename": "float_literals.53.wat", "text": "unknown operator", "module_type": "text"}, 
  {"type": "assert_malformed", "line": 445, "filename": "float_literals.54.wat", "text": "unknown operator", "module_type": "text"}, 
  {"type": "assert_malformed", "line": 449, "filename": "float_literals.55.wat", "text": "unknown operator", "module_type": "text"}, 
  {"type": "assert_malformed", "line": 453, "filename": "float_literals.56.wat", "text": "unknown operator", "module_type": "text"}, 
  {"type": "assert_malformed", "line": 457, "filename": "float_literals.57.wat", "text": "unknown operator", "module_type": "text"}, 
  {"type": "assert_malformed", "line": 461, "filename": "float_literals.58.wat", "text": "unknown operator", "module_type": "text"}, 
  {"type": "assert_malformed", "line": 465, "filename": "float_literals.59.wat", "text": "unknown operator", "module_type": "text"}, 
  {"type": "assert_malformed", "line": 469, "filename": "float_literals.60.wat", "text": "unknown operator", "module_type": "text"}, 
  {"type": "assert_malformed", "line": 473, "filename": "float_literals.61.wat", "text": "unknown operator", "module_type": "text"}, 
  {"type": "assert_malformed", "line": 477, "filename": "float_literals.62.wat", "text": "unknown operator", "module_type": "text"}, 
  {"type": "assert_malformed", "line": 481, "filename": "float_literals.63.wat", "text": "unknown operator", "module_type": "text"}, 
  {"type": "assert_malformed", "line": 485, "filename": "float_literals.64.wat", "text": "unknown operator", "module_type": "text"}, 
  {"type": "assert_malformed", "line": 489, "filename": "float_literals.65.wat", "text": "unknown operator", "module_type": "text"}, 
  {"type": "assert_malformed", "line": 493, "filename": "float_literals.66.wat", "text": "unknown operator", "module_type": "text"}, 
  {"type": "assert_malformed", "line": 497, "filename": "float_literals.67.wat", "text": "unknown operator", "module_type": "text"}, 
  {"type": "assert_malformed", "line": 501, "filename": "float_literals.68.wat", "text": "unknown operator", "module_type": "text"}, 
  {"type": "assert_malformed", "line": 505, "filename": "float_literals.69.wat", "text": "unknown operator", "module_type": "text"}, 
  {"type": "assert_malformed", "line": 509, "filename": "float_literals.70.wat", "text": "unknown operator", "module_type": "text"}, 
  {"type": "assert_malformed", "line": 513, "filename": "float_literals.71.wat", "text": "unknown operator", "module_type": "text"}, 
  {"type": "assert_malformed", "line": 517, "filename": "float_literals.72.wat", "text": "unknown operator", "module_type": "text"}, 
  {"type": "assert_malformed", "line": 521, "filename": "float_literals.73.wat", "text": "unknown operator", "module_type": "text"}, 
  {"type": "assert_malformed", "line": 525, "filename": "float_literals.74.wat", "text": "unknown operator", "module_type": "text"}, 
  {"type": "assert_malformed", "line": 529, "filename": "float_literals.75.wat", "text": "unknown operator", "module_type": "text"}, 
  {"type": "assert_malformed", "line": 533, "filename": "float_literals.76.wat", "text": "unknown operator", "module_type": "text"}, 
  {"type": "assert_malformed", "line": 537, "filename": "float_literals.77.wat", "text": "unknown operator", "module_type": "text"}, 
  {"type": "assert_malformed", "line": 541, "filename": "float_literals.78.wat", "text": "unknown operator", "module_type": "text"}, 
  {"type": "assert_malformed", "line": 545, "filename": "float_literals.79.wat", "text": "constant out of range", "module_type": "text"}]}
