{"source_filename": "float_memory.wast",
 "commands": [
  {"type": "module", "line": 5, "filename": "float_memory.0.wasm"}, 
  {"type": "assert_return", "line": 15, "action": {"type": "invoke", "field": "i32.load", "args": []}, "expected": [{"type": "i32", "value": "2141192192"}]}, 
  {"type": "assert_return", "line": 16, "action": {"type": "invoke", "field": "f32.load", "args": []}, "expected": [{"type": "f32", "value": "2141192192"}]}, 
  {"type": "action", "line": 17, "action": {"type": "invoke", "field": "reset", "args": []}, "expected": []}, 
  {"type": "assert_return", "line": 18, "action": {"type": "invoke", "field": "i32.load", "args": []}, "expected": [{"type": "i32", "value": "0"}]}, 
  {"type": "assert_return", "line": 19, "action": {"type": "invoke", "field": "f32.load", "args": []}, "expected": [{"type": "f32", "value": "0"}]}, 
  {"type": "action", "line": 20, "action": {"type": "invoke", "field": "f32.store", "args": []}, "expected": []}, 
  {"type": "assert_return", "line": 21, "action": {"type": "invoke", "field": "i32.load", "args": []}, "expected": [{"type": "i32", "value": "2141192192"}]}, 
  {"type": "assert_return", "line": 22, "action": {"type": "invoke", "field": "f32.load", "args": []}, "expected": [{"type": "f32", "value": "2141192192"}]}, 
  {"type": "action", "line": 23, "action": {"type": "invoke", "field": "reset", "args": []}, "expected": []}, 
  {"type": "assert_return", "line": 24, "action": {"type": "invoke", "field": "i32.load", "args": []}, "expected": [{"type": "i32", "value": "0"}]}, 
  {"type": "assert_return", "line": 25, "action": {"type": "invoke", "field": "f32.load", "args": []}, "expected": [{"type": "f32", "value": "0"}]}, 
  {"type": "action", "line": 26, "action": {"type": "invoke", "field": "i32.store", "args": []}, "expected": []}, 
  {"type": "assert_return", "line": 27, "action": {"type": "invoke", "field": "i32.load", "args": []}, "expected": [{"type": "i32", "value": "2141192192"}]}, 
  {"type": "assert_return", "line": 28, "action": {"type": "invoke", "field": "f32.load", "args": []}, "expected": [{"type": "f32", "value": "2141192192"}]}, 
  {"type": "module", "line": 30, "filename": "float_memory.1.wasm"}, 
  {"type": "assert_return", "line": 40, "action": {"type": "invoke", "field": "i64.load", "args": []}, "expected": [{"type": "i64", "value": "9219994337134247936"}]}, 
  {"type": "assert_return", "line": 41, "action": {"type": "invoke", "field": "f64.load", "args": []}, "expected": [{"type": "f64", "value": "9219994337134247936"}]}, 
  {"type": "action", "line": 42, "action": {"type": "invoke", "field": "reset", "args": []}, "expected": []}, 
  {"type": "assert_return", "line": 43, "action": {"type": "invoke", "field": "i64.load", "args": []}, "expected": [{"type": "i64", "value": "0"}]}, 
  {"type": "assert_return", "line": 44, "action": {"type": "invoke", "field": "f64.load", "args": []}, "expected": [{"type": "f64", "value": "0"}]}, 
  {"type": "action", "line": 45, "action": {"type": "invoke", "field": "f64.store", "args": []}, "expected": []}, 
  {"type": "assert_return", "line": 46, "action": {"type": "invoke", "field": "i64.load", "args": []}, "expected": [{"type": "i64", "value": "9219994337134247936"}]}, 
  {"type": "assert_return", "line": 47, "action": {"type": "invoke", "field": "f64.load", "args": []}, "expected": [{"type": "f64", "value": "9219994337134247936"}]}, 
  {"type": "action", "line": 48, "action": {"type": "invoke", "field": "reset", "args": []}, "expected": []}, 
  {"type": "assert_return", "line": 49, "action": {"type": "invoke", "field": "i64.load", "args": []}, "expected": [{"type": "i64", "value": "0"}]}, 
  {"type": "assert_return", "line": 50, "action": {"type": "invoke", "field": "f64.load", "args": []}, "expected": [{"type": "f64", "value": "0"}]}, 
  {"type": "action", "line": 51, "action": {"type": "invoke", "field": "i64.store", "args": []}, "expected": []}, 
  {"type": "assert_return", "line": 52, "action": {"type": "invoke", "field": "i64.load", "args": []}, "expected": [{"type": "i64", "value": "9219994337134247936"}]}, 
  {"type": "assert_return", "line": 53, "action": {"type": "invoke", "field": "f64.load", "args": []}, "expected": [{"type": "f64", "value": "9219994337134247936"}]}, 
  {"type": "module", "line": 57, "filename": "float_memory.2.wasm"}, 
  {"type": "assert_return", "line": 67, "action": {"type": "invoke", "field": "i32.load", "args": []}, "expected": [{"type": "i32", "value": "2141192192"}]}, 
  {"type": "assert_return", "line": 68, "action": {"type": "invoke", "field": "f32.load", "args": []}, "expected": [{"type": "f32", "value": "2141192192"}]}, 
  {"type": "action", "line": 69, "action": {"type": "invoke", "field": "reset", "args": []}, "expected": []}, 
  {"type": "assert_return", "line": 70, "action": {"type": "invoke", "field": "i32.load", "args": []}, "expected": [{"type": "i32", "value": "0"}]}, 
  {"type": "assert_return", "line": 71, "action": {"type": "invoke", "field": "f32.load", "args": []}, "expected": [{"type": "f32", "value": "0"}]}, 
  {"type": "action", "line": 72, "action": {"type": "invoke", "field": "f32.store", "args": []}, "expected": []}, 
  {"type": "assert_return", "line": 73, "action": {"type": "invoke", "field": "i32.load", "args": []}, "expected": [{"type": "i32", "value": "2141192192"}]}, 
  {"type": "assert_return", "line": 74, "action": {"type": "invoke", "field": "f32.load", "args": []}, "expected": [{"type": "f32", "value": "2141192192"}]}, 
  {"type": "action", "line": 75, "action": {"type": "invoke", "field": "reset", "args": []}, "expected": []}, 
  {"type": "assert_return", "line": 76, "action": {"type": "invoke", "field": "i32.load", "args": []}, "expected": [{"type": "i32", "value": "0"}]}, 
  {"type": "assert_return", "line": 77, "action": {"type": "invoke", "field": "f32.load", "args": []}, "expected": [{"type": "f32", "value": "0"}]}, 
  {"type": "action", "line": 78, "action": {"type": "invoke", "field": "i32.store", "args": []}, "expected": []}, 
  {"type": "assert_return", "line": 79, "action": {"type": "invoke", "field": "i32.load", "args": []}, "expected": [{"type": "i32", "value": "2141192192"}]}, 
  {"type": "assert_return", "line": 80, "action": {"type": "invoke", "field": "f32.load", "args": []}, "expected": [{"type": "f32", "value": "2141192192"}]}, 
  {"type": "module", "line": 82, "filename": "float_memory.3.wasm"}, 
  {"type": "assert_return", "line": 92, "action": {"type": "invoke", "field": "i64.load", "args": []}, "expected": [{"type": "i64", "value": "9219994337134247936"}]}, 
  {"type": "assert_return", "line": 93, "action": {"type": "invoke", "field": "f64.load", "args": []}, "expected": [{"type": "f64", "value": "9219994337134247936"}]}, 
  {"type": "action", "line": 94, "action": {"type": "invoke", "field": "reset", "args": []}, "expected": []}, 
  {"type": "assert_return", "line": 95, "action": {"type": "invoke", "field": "i64.load", "args": []}, "expected": [{"type": "i64", "value": "0"}]}, 
  {"type": "assert_return", "line": 96, "action": {"type": "invoke", "field": "f64.load", "args": []}, "expected": [{"type": "f64", "value": "0"}]}, 
  {"type": "action", "line": 97, "action": {"type": "invoke", "field": "f64.store", "args": []}, "expected": []}, 
  {"type": "assert_return", "line": 98, "action": {"type": "invoke", "field": "i64.load", "args": []}, "expected": [{"type": "i64", "value": "9219994337134247936"}]}, 
  {"type": "assert_return", "line": 99, "action": {"type": "invoke", "field": "f64.load", "args": []}, "expected": [{"type": "f64", "value": "9219994337134247936"}]}, 
  {"type": "action", "line": 100, "action": {"type": "invoke", "field": "reset", "args": []}, "expected": []}, 
  {"type": "assert_return", "line": 101, "action": {"type": "invoke", "field": "i64.load", "args": []}, "expected": [{"type": "i64", "value": "0"}]}, 
  {"type": "assert_return", "line": 102, "action": {"type": "invoke", "field": "f64.load", "args": []}, "expected": [{"type": "f64", "value": "0"}]}, 
  {"type": "action", "line": 103, "action": {"type": "invoke", "field": "i64.store", "args": []}, "expected": []}, 
  {"type": "assert_return", "line": 104, "action": {"type": "invoke", "field": "i64.load", "args": []}, "expected": [{"type": "i64", "value": "9219994337134247936"}]}, 
  {"type": "assert_return", "line": 105, "action": {"type": "invoke", "field": "f64.load", "args": []}, "expected": [{"type": "f64", "value": "9219994337134247936"}]}, 
  {"type": "module", "line": 109, "filename": "float_memory.4.wasm"}, 
  {"type": "assert_return", "line": 119, "action": {"type": "invoke", "field": "i32.load", "args": []}, "expected": [{"type": "i32", "value": "2144337921"}]}, 
  {"type": "assert_return", "line": 120, "action": {"type": "invoke", "field": "f32.load", "args": []}, "expected": [{"type": "f32", "value": "2144337921"}]}, 
  {"type": "action", "line": 121, "action": {"type": "invoke", "field": "reset", "args": []}, "expected": []}, 
  {"type": "assert_return", "line": 122, "action": {"type": "invoke", "field": "i32.load", "args": []}, "expected": [{"type": "i32", "value": "0"}]}, 
  {"type": "assert_return", "line": 123, "action": {"type": "invoke", "field": "f32.load", "args": []}, "expected": [{"type": "f32", "value": "0"}]}, 
  {"type": "action", "line": 124, "action": {"type": "invoke", "field": "f32.store", "args": []}, "expected": []}, 
  {"type": "assert_return", "line": 125, "action": {"type": "invoke", "field": "i32.load", "args": []}, "expected": [{"type": "i32", "value": "2144337921"}]}, 
  {"type": "assert_return", "line": 126, "action": {"type": "invoke", "field": "f32.load", "args": []}, "expected": [{"type": "f32", "value": "2144337921"}]}, 
  {"type": "action", "line": 127, "action": {"type": "invoke", "field": "reset", "args": []}, "expected": []}, 
  {"type": "assert_return", "line": 128, "action": {"type": "invoke", "field": "i32.load", "args": []}, "expected": [{"type": "i32", "value": "0"}]}, 
  {"type": "assert_return", "line": 129, "action": {"type": "invoke", "field": "f32.load", "args": []}, "expected": [{"type": "f32", "value": "0"}]}, 
  {"type": "action", "line": 130, "action": {"type": "invoke", "field": "i32.store", "args": []}, "expected": []}, 
  {"type": "assert_return", "line": 131, "action": {"type": "invoke", "field": "i32.load", "args": []}, "expected": [{"type": "i32", "value": "2144337921"}]}, 
  {"type": "assert_return", "line": 132, "action": {"type": "invoke", "field": "f32.load", "args": []}, "expected": [{"type": "f32", "value": "2144337921"}]}, 
  {"type": "module", "line": 134, "filename": "float_memory.5.wasm"}, 
  {"type": "assert_return", "line": 144, "action": {"type": "invoke", "field": "i64.load", "args": []}, "expected": [{"type": "i64", "value": "9222246136947933185"}]}, 
  {"type": "assert_return", "line": 145, "action": {"type": "invoke", "field": "f64.load", "args": []}, "expected": [{"type": "f64", "value": "9222246136947933185"}]}, 
  {"type": "action", "line": 146, "action": {"type": "invoke", "field": "reset", "args": []}, "expected": []}, 
  {"type": "assert_return", "line": 147, "action": {"type": "invoke", "field": "i64.load", "args": []}, "expected": [{"type": "i64", "value": "0"}]}, 
  {"type": "assert_return", "line": 148, "action": {"type": "invoke", "field": "f64.load", "args": []}, "expected": [{"type": "f64", "value": "0"}]}, 
  {"type": "action", "line": 149, "action": {"type": "invoke", "field": "f64.store", "args": []}, "expected": []}, 
  {"type": "assert_return", "line": 150, "action": {"type": "invoke", "field": "i64.load", "args": []}, "expected": [{"type": "i64", "value": "9222246136947933185"}]}, 
  {"type": "assert_return", "line": 151, "action": {"type": "invoke", "field": "f64.load", "args": []}, "expected": [{"type": "f64", "value": "9222246136947933185"}]}, 
  {"type": "action", "line": 152, "action": {"type": "invoke", "field": "reset", "args": []}, "expected": []}, 
  {"type": "assert_return", "line": 153, "action": {"type": "invoke", "field": "i64.load", "args": []}, "expected": [{"type": "i64", "value": "0"}]}, 
  {"type": "assert_return", "line": 154, "action": {"type": "invoke", "field": "f64.load", "args": []}, "expected": [{"type": "f64", "value": "0"}]}, 
  {"type": "action", "line": 155, "action": {"type": "invoke", "field": "i64.store", "args": []}, "expected": []}, 
  {"type": "assert_return", "line": 156, "action": {"type": "invoke", "field": "i64.load", "args": []}, "expected": [{"type": "i64", "value": "9222246136947933185"}]}, 
  {"type": "assert_return", "line": 157, "action": {"type": "invoke", "field": "f64.load", "args": []}, "expected": [{"type": "f64", "value": "9222246136947933185"}]}]}
