{"source_filename": "memory_size.wast",
 "commands": [
  {"type": "module", "line": 1, "filename": "memory_size.0.wasm"}, 
  {"type": "assert_return", "line": 7, "action": {"type": "invoke", "field": "size", "args": []}, "expected": [{"type": "i32", "value": "0"}]}, 
  {"type": "assert_return", "line": 8, "action": {"type": "invoke", "field": "grow", "args": [{"type": "i32", "value": "1"}]}, "expected": []}, 
  {"type": "assert_return", "line": 9, "action": {"type": "invoke", "field": "size", "args": []}, "expected": [{"type": "i32", "value": "1"}]}, 
  {"type": "assert_return", "line": 10, "action": {"type": "invoke", "field": "grow", "args": [{"type": "i32", "value": "4"}]}, "expected": []}, 
  {"type": "assert_return", "line": 11, "action": {"type": "invoke", "field": "size", "args": []}, "expected": [{"type": "i32", "value": "5"}]}, 
  {"type": "assert_return", "line": 12, "action": {"type": "invoke", "field": "grow", "args": [{"type": "i32", "value": "0"}]}, "expected": []}, 
  {"type": "assert_return", "line": 13, "action": {"type": "invoke", "field": "size", "args": []}, "expected": [{"type": "i32", "value": "5"}]}, 
  {"type": "module", "line": 15, "filename": "memory_size.1.wasm"}, 
  {"type": "assert_return", "line": 21, "action": {"type": "invoke", "field": "size", "args": []}, "expected": [{"type": "i32", "value": "1"}]}, 
  {"type": "assert_return", "line": 22, "action": {"type": "invoke", "field": "grow", "args": [{"type": "i32", "value": "1"}]}, "expected": []}, 
  {"type": "assert_return", "line": 23, "action": {"type": "invoke", "field": "size", "args": []}, "expected": [{"type": "i32", "value": "2"}]}, 
  {"type": "assert_return", "line": 24, "action": {"type": "invoke", "field": "grow", "args": [{"type": "i32", "value": "4"}]}, "expected": []}, 
  {"type": "assert_return", "line": 25, "action": {"type": "invoke", "field": "size", "args": []}, "expected": [{"type": "i32", "value": "6"}]}, 
  {"type": "assert_return", "line": 26, "action": {"type": "invoke", "field": "grow", "args": [{"type": "i32", "value": "0"}]}, "expected": []}, 
  {"type": "assert_return", "line": 27, "action": {"type": "invoke", "field": "size", "args": []}, "expected": [{"type": "i32", "value": "6"}]}, 
  {"type": "module", "line": 29, "filename": "memory_size.2.wasm"}, 
  {"type": "assert_return", "line": 35, "action": {"type": "invoke", "field": "size", "args": []}, "expected": [{"type": "i32", "value": "0"}]}, 
  {"type": "assert_return", "line": 36, "action": {"type": "invoke", "field": "grow", "args": [{"type": "i32", "value": "3"}]}, "expected": []}, 
  {"type": "assert_return", "line": 37, "action": {"type": "invoke", "field": "size", "args": []}, "expected": [{"type": "i32", "value": "0"}]}, 
  {"type": "assert_return", "line": 38, "action": {"type": "invoke", "field": "grow", "args": [{"type": "i32", "value": "1"}]}, "expected": []}, 
  {"type": "assert_return", "line": 39, "action": {"type": "invoke", "field": "size", "args": []}, "expected": [{"type": "i32", "value": "1"}]}, 
  {"type": "assert_return", "line": 40, "action": {"type": "invoke", "field": "grow", "args": [{"type": "i32", "value": "0"}]}, "expected": []}, 
  {"type": "assert_return", "line": 41, "action": {"type": "invoke", "field": "size", "args": []}, "expected": [{"type": "i32", "value": "1"}]}, 
  {"type": "assert_return", "line": 42, "action": {"type": "invoke", "field": "grow", "args": [{"type": "i32", "value": "4"}]}, "expected": []}, 
  {"type": "assert_return", "line": 43, "action": {"type": "invoke", "field": "size", "args": []}, "expected": [{"type": "i32", "value": "1"}]}, 
  {"type": "assert_return", "line": 44, "action": {"type": "invoke", "field": "grow", "args": [{"type": "i32", "value": "1"}]}, "expected": []}, 
  {"type": "assert_return", "line": 45, "action": {"type": "invoke", "field": "size", "args": []}, "expected": [{"type": "i32", "value": "2"}]}, 
  {"type": "module", "line": 47, "filename": "memory_size.3.wasm"}, 
  {"type": "assert_return", "line": 53, "action": {"type": "invoke", "field": "size", "args": []}, "expected": [{"type": "i32", "value": "3"}]}, 
  {"type": "assert_return", "line": 54, "action": {"type": "invoke", "field": "grow", "args": [{"type": "i32", "value": "1"}]}, "expected": []}, 
  {"type": "assert_return", "line": 55, "action": {"type": "invoke", "field": "size", "args": []}, "expected": [{"type": "i32", "value": "4"}]}, 
  {"type": "assert_return", "line": 56, "action": {"type": "invoke", "field": "grow", "args": [{"type": "i32", "value": "3"}]}, "expected": []}, 
  {"type": "assert_return", "line": 57, "action": {"type": "invoke", "field": "size", "args": []}, "expected": [{"type": "i32", "value": "7"}]}, 
  {"type": "assert_return", "line": 58, "action": {"type": "invoke", "field": "grow", "args": [{"type": "i32", "value": "0"}]}, "expected": []}, 
  {"type": "assert_return", "line": 59, "action": {"type": "invoke", "field": "size", "args": []}, "expected": [{"type": "i32", "value": "7"}]}, 
  {"type": "assert_return", "line": 60, "action": {"type": "invoke", "field": "grow", "args": [{"type": "i32", "value": "2"}]}, "expected": []}, 
  {"type": "assert_return", "line": 61, "action": {"type": "invoke", "field": "size", "args": []}, "expected": [{"type": "i32", "value": "7"}]}, 
  {"type": "assert_return", "line": 62, "action": {"type": "invoke", "field": "grow", "args": [{"type": "i32", "value": "1"}]}, "expected": []}, 
  {"type": "assert_return", "line": 63, "action": {"type": "invoke", "field": "size", "args": []}, "expected": [{"type": "i32", "value": "8"}]}, 
  {"type": "assert_invalid", "line": 69, "filename": "memory_size.4.wasm", "text": "type mismatch", "module_type": "binary"}, 
  {"type": "assert_invalid", "line": 78, "filename": "memory_size.5.wasm", "text": "type mismatch", "module_type": "binary"}]}
