{"source_filename": "skip-stack-guard-page.wast",
 "commands": [
  {"type": "module", "line": 2, "filename": "skip-stack-guard-page.0.wasm"}, 
  {"type": "assert_exhaustion", "line": 2275, "action": {"type": "invoke", "field": "test-guard-page-skip", "args": [{"type": "i32", "value": "0"}]}, "text": "call stack exhausted", "expected": []}, 
  {"type": "assert_exhaustion", "line": 2276, "action": {"type": "invoke", "field": "test-guard-page-skip", "args": [{"type": "i32", "value": "100"}]}, "text": "call stack exhausted", "expected": []}, 
  {"type": "assert_exhaustion", "line": 2277, "action": {"type": "invoke", "field": "test-guard-page-skip", "args": [{"type": "i32", "value": "200"}]}, "text": "call stack exhausted", "expected": []}, 
  {"type": "assert_exhaustion", "line": 2278, "action": {"type": "invoke", "field": "test-guard-page-skip", "args": [{"type": "i32", "value": "300"}]}, "text": "call stack exhausted", "expected": []}, 
  {"type": "assert_exhaustion", "line": 2279, "action": {"type": "invoke", "field": "test-guard-page-skip", "args": [{"type": "i32", "value": "400"}]}, "text": "call stack exhausted", "expected": []}, 
  {"type": "assert_exhaustion", "line": 2280, "action": {"type": "invoke", "field": "test-guard-page-skip", "args": [{"type": "i32", "value": "500"}]}, "text": "call stack exhausted", "expected": []}, 
  {"type": "assert_exhaustion", "line": 2281, "action": {"type": "invoke", "field": "test-guard-page-skip", "args": [{"type": "i32", "value": "600"}]}, "text": "call stack exhausted", "expected": []}, 
  {"type": "assert_exhaustion", "line": 2282, "action": {"type": "invoke", "field": "test-guard-page-skip", "args": [{"type": "i32", "value": "700"}]}, "text": "call stack exhausted", "expected": []}, 
  {"type": "assert_exhaustion", "line": 2283, "action": {"type": "invoke", "field": "test-guard-page-skip", "args": [{"type": "i32", "value": "800"}]}, "text": "call stack exhausted", "expected": []}, 
  {"type": "assert_exhaustion", "line": 2284, "action": {"type": "invoke", "field": "test-guard-page-skip", "args": [{"type": "i32", "value": "900"}]}, "text": "call stack exhausted", "expected": []}]}
