{"source_filename": "store.wast",
 "commands": [
  {"type": "module", "line": 3, "filename": "store.0.wasm"}, 
  {"type": "assert_return", "line": 44, "action": {"type": "invoke", "field": "as-block-value", "args": []}, "expected": []}, 
  {"type": "assert_return", "line": 45, "action": {"type": "invoke", "field": "as-loop-value", "args": []}, "expected": []}, 
  {"type": "assert_return", "line": 47, "action": {"type": "invoke", "field": "as-br-value", "args": []}, "expected": []}, 
  {"type": "assert_return", "line": 48, "action": {"type": "invoke", "field": "as-br_if-value", "args": []}, "expected": []}, 
  {"type": "assert_return", "line": 49, "action": {"type": "invoke", "field": "as-br_if-value-cond", "args": []}, "expected": []}, 
  {"type": "assert_return", "line": 50, "action": {"type": "invoke", "field": "as-br_table-value", "args": []}, "expected": []}, 
  {"type": "assert_return", "line": 52, "action": {"type": "invoke", "field": "as-return-value", "args": []}, "expected": []}, 
  {"type": "assert_return", "line": 54, "action": {"type": "invoke", "field": "as-if-then", "args": []}, "expected": []}, 
  {"type": "assert_return", "line": 55, "action": {"type": "invoke", "field": "as-if-else", "args": []}, "expected": []}, 
  {"type": "assert_malformed", "line": 58, "filename": "store.1.wat", "text": "unknown operator", "module_type": "text"}, 
  {"type": "assert_malformed", "line": 65, "filename": "store.2.wat", "text": "unknown operator", "module_type": "text"}, 
  {"type": "assert_malformed", "line": 73, "filename": "store.3.wat", "text": "unknown operator", "module_type": "text"}, 
  {"type": "assert_malformed", "line": 81, "filename": "store.4.wat", "text": "unknown operator", "module_type": "text"}, 
  {"type": "assert_malformed", "line": 88, "filename": "store.5.wat", "text": "unknown operator", "module_type": "text"}, 
  {"type": "assert_malformed", "line": 96, "filename": "store.6.wat", "text": "unknown operator", "module_type": "text"}, 
  {"type": "assert_malformed", "line": 103, "filename": "store.7.wat", "text": "unknown operator", "module_type": "text"}, 
  {"type": "assert_invalid", "line": 112, "filename": "store.8.wasm", "text": "type mismatch", "module_type": "binary"}, 
  {"type": "assert_invalid", "line": 116, "filename": "store.9.wasm", "text": "type mismatch", "module_type": "binary"}, 
  {"type": "assert_invalid", "line": 120, "filename": "store.10.wasm", "text": "type mismatch", "module_type": "binary"}, 
  {"type": "assert_invalid", "line": 124, "filename": "store.11.wasm", "text": "type mismatch", "module_type": "binary"}, 
  {"type": "assert_invalid", "line": 128, "filename": "store.12.wasm", "text": "type mismatch", "module_type": "binary"}, 
  {"type": "assert_invalid", "line": 132, "filename": "store.13.wasm", "text": "type mismatch", "module_type": "binary"}, 
  {"type": "assert_invalid", "line": 136, "filename": "store.14.wasm", "text": "type mismatch", "module_type": "binary"}, 
  {"type": "assert_invalid", "line": 140, "filename": "store.15.wasm", "text": "type mismatch", "module_type": "binary"}, 
  {"type": "assert_invalid", "line": 144, "filename": "store.16.wasm", "text": "type mismatch", "module_type": "binary"}, 
  {"type": "assert_invalid", "line": 150, "filename": "store.17.wasm", "text": "type mismatch", "module_type": "binary"}, 
  {"type": "assert_invalid", "line": 159, "filename": "store.18.wasm", "text": "type mismatch", "module_type": "binary"}, 
  {"type": "assert_invalid", "line": 168, "filename": "store.19.wasm", "text": "type mismatch", "module_type": "binary"}, 
  {"type": "assert_invalid", "line": 178, "filename": "store.20.wasm", "text": "type mismatch", "module_type": "binary"}, 
  {"type": "assert_invalid", "line": 188, "filename": "store.21.wasm", "text": "type mismatch", "module_type": "binary"}, 
  {"type": "assert_invalid", "line": 198, "filename": "store.22.wasm", "text": "type mismatch", "module_type": "binary"}, 
  {"type": "assert_invalid", "line": 208, "filename": "store.23.wasm", "text": "type mismatch", "module_type": "binary"}, 
  {"type": "assert_invalid", "line": 218, "filename": "store.24.wasm", "text": "type mismatch", "module_type": "binary"}, 
  {"type": "assert_invalid", "line": 228, "filename": "store.25.wasm", "text": "type mismatch", "module_type": "binary"}, 
  {"type": "assert_invalid", "line": 238, "filename": "store.26.wasm", "text": "type mismatch", "module_type": "binary"}, 
  {"type": "assert_invalid", "line": 248, "filename": "store.27.wasm", "text": "type mismatch", "module_type": "binary"}, 
  {"type": "assert_invalid", "line": 258, "filename": "store.28.wasm", "text": "type mismatch", "module_type": "binary"}, 
  {"type": "assert_invalid", "line": 268, "filename": "store.29.wasm", "text": "type mismatch", "module_type": "binary"}, 
  {"type": "assert_invalid", "line": 278, "filename": "store.30.wasm", "text": "type mismatch", "module_type": "binary"}, 
  {"type": "assert_invalid", "line": 288, "filename": "store.31.wasm", "text": "type mismatch", "module_type": "binary"}, 
  {"type": "assert_invalid", "line": 298, "filename": "store.32.wasm", "text": "type mismatch", "module_type": "binary"}, 
  {"type": "assert_invalid", "line": 308, "filename": "store.33.wasm", "text": "type mismatch", "module_type": "binary"}, 
  {"type": "assert_invalid", "line": 317, "filename": "store.34.wasm", "text": "type mismatch", "module_type": "binary"}, 
  {"type": "assert_invalid", "line": 326, "filename": "store.35.wasm", "text": "type mismatch", "module_type": "binary"}, 
  {"type": "assert_invalid", "line": 335, "filename": "store.36.wasm", "text": "type mismatch", "module_type": "binary"}, 
  {"type": "assert_invalid", "line": 344, "filename": "store.37.wasm", "text": "type mismatch", "module_type": "binary"}, 
  {"type": "assert_invalid", "line": 354, "filename": "store.38.wasm", "text": "type mismatch", "module_type": "binary"}, 
  {"type": "assert_invalid", "line": 364, "filename": "store.39.wasm", "text": "type mismatch", "module_type": "binary"}, 
  {"type": "assert_invalid", "line": 380, "filename": "store.40.wasm", "text": "type mismatch", "module_type": "binary"}, 
  {"type": "assert_invalid", "line": 399, "filename": "store.41.wasm", "text": "type mismatch", "module_type": "binary"}, 
  {"type": "assert_invalid", "line": 400, "filename": "store.42.wasm", "text": "type mismatch", "module_type": "binary"}, 
  {"type": "assert_invalid", "line": 401, "filename": "store.43.wasm", "text": "type mismatch", "module_type": "binary"}, 
  {"type": "assert_invalid", "line": 402, "filename": "store.44.wasm", "text": "type mismatch", "module_type": "binary"}, 
  {"type": "assert_invalid", "line": 403, "filename": "store.45.wasm", "text": "type mismatch", "module_type": "binary"}, 
  {"type": "assert_invalid", "line": 404, "filename": "store.46.wasm", "text": "type mismatch", "module_type": "binary"}, 
  {"type": "assert_invalid", "line": 405, "filename": "store.47.wasm", "text": "type mismatch", "module_type": "binary"}, 
  {"type": "assert_invalid", "line": 406, "filename": "store.48.wasm", "text": "type mismatch", "module_type": "binary"}, 
  {"type": "assert_invalid", "line": 407, "filename": "store.49.wasm", "text": "type mismatch", "module_type": "binary"}, 
  {"type": "assert_invalid", "line": 409, "filename": "store.50.wasm", "text": "type mismatch", "module_type": "binary"}, 
  {"type": "assert_invalid", "line": 410, "filename": "store.51.wasm", "text": "type mismatch", "module_type": "binary"}, 
  {"type": "assert_invalid", "line": 411, "filename": "store.52.wasm", "text": "type mismatch", "module_type": "binary"}, 
  {"type": "assert_invalid", "line": 412, "filename": "store.53.wasm", "text": "type mismatch", "module_type": "binary"}, 
  {"type": "assert_invalid", "line": 413, "filename": "store.54.wasm", "text": "type mismatch", "module_type": "binary"}, 
  {"type": "assert_invalid", "line": 414, "filename": "store.55.wasm", "text": "type mismatch", "module_type": "binary"}, 
  {"type": "assert_invalid", "line": 415, "filename": "store.56.wasm", "text": "type mismatch", "module_type": "binary"}, 
  {"type": "assert_invalid", "line": 416, "filename": "store.57.wasm", "text": "type mismatch", "module_type": "binary"}, 
  {"type": "assert_invalid", "line": 417, "filename": "store.58.wasm", "text": "type mismatch", "module_type": "binary"}]}
