{"source_filename": "switch.wast",
 "commands": [
  {"type": "module", "line": 1, "filename": "switch.0.wasm"}, 
  {"type": "assert_return", "line": 120, "action": {"type": "invoke", "field": "stmt", "args": [{"type": "i32", "value": "0"}]}, "expected": [{"type": "i32", "value": "0"}]}, 
  {"type": "assert_return", "line": 121, "action": {"type": "invoke", "field": "stmt", "args": [{"type": "i32", "value": "1"}]}, "expected": [{"type": "i32", "value": "4294967295"}]}, 
  {"type": "assert_return", "line": 122, "action": {"type": "invoke", "field": "stmt", "args": [{"type": "i32", "value": "2"}]}, "expected": [{"type": "i32", "value": "4294967294"}]}, 
  {"type": "assert_return", "line": 123, "action": {"type": "invoke", "field": "stmt", "args": [{"type": "i32", "value": "3"}]}, "expected": [{"type": "i32", "value": "4294967293"}]}, 
  {"type": "assert_return", "line": 124, "action": {"type": "invoke", "field": "stmt", "args": [{"type": "i32", "value": "4"}]}, "expected": [{"type": "i32", "value": "100"}]}, 
  {"type": "assert_return", "line": 125, "action": {"type": "invoke", "field": "stmt", "args": [{"type": "i32", "value": "5"}]}, "expected": [{"type": "i32", "value": "101"}]}, 
  {"type": "assert_return", "line": 126, "action": {"type": "invoke", "field": "stmt", "args": [{"type": "i32", "value": "6"}]}, "expected": [{"type": "i32", "value": "102"}]}, 
  {"type": "assert_return", "line": 127, "action": {"type": "invoke", "field": "stmt", "args": [{"type": "i32", "value": "7"}]}, "expected": [{"type": "i32", "value": "100"}]}, 
  {"type": "assert_return", "line": 128, "action": {"type": "invoke", "field": "stmt", "args": [{"type": "i32", "value": "4294967286"}]}, "expected": [{"type": "i32", "value": "102"}]}, 
  {"type": "assert_return", "line": 130, "action": {"type": "invoke", "field": "expr", "args": [{"type": "i64", "value": "0"}]}, "expected": [{"type": "i64", "value": "0"}]}, 
  {"type": "assert_return", "line": 131, "action": {"type": "invoke", "field": "expr", "args": [{"type": "i64", "value": "1"}]}, "expected": [{"type": "i64", "value": "18446744073709551615"}]}, 
  {"type": "assert_return", "line": 132, "action": {"type": "invoke", "field": "expr", "args": [{"type": "i64", "value": "2"}]}, "expected": [{"type": "i64", "value": "18446744073709551614"}]}, 
  {"type": "assert_return", "line": 133, "action": {"type": "invoke", "field": "expr", "args": [{"type": "i64", "value": "3"}]}, "expected": [{"type": "i64", "value": "18446744073709551613"}]}, 
  {"type": "assert_return", "line": 134, "action": {"type": "invoke", "field": "expr", "args": [{"type": "i64", "value": "6"}]}, "expected": [{"type": "i64", "value": "101"}]}, 
  {"type": "assert_return", "line": 135, "action": {"type": "invoke", "field": "expr", "args": [{"type": "i64", "value": "7"}]}, "expected": [{"type": "i64", "value": "18446744073709551611"}]}, 
  {"type": "assert_return", "line": 136, "action": {"type": "invoke", "field": "expr", "args": [{"type": "i64", "value": "18446744073709551606"}]}, "expected": [{"type": "i64", "value": "100"}]}, 
  {"type": "assert_return", "line": 138, "action": {"type": "invoke", "field": "arg", "args": [{"type": "i32", "value": "0"}]}, "expected": [{"type": "i32", "value": "110"}]}, 
  {"type": "assert_return", "line": 139, "action": {"type": "invoke", "field": "arg", "args": [{"type": "i32", "value": "1"}]}, "expected": [{"type": "i32", "value": "12"}]}, 
  {"type": "assert_return", "line": 140, "action": {"type": "invoke", "field": "arg", "args": [{"type": "i32", "value": "2"}]}, "expected": [{"type": "i32", "value": "4"}]}, 
  {"type": "assert_return", "line": 141, "action": {"type": "invoke", "field": "arg", "args": [{"type": "i32", "value": "3"}]}, "expected": [{"type": "i32", "value": "1116"}]}, 
  {"type": "assert_return", "line": 142, "action": {"type": "invoke", "field": "arg", "args": [{"type": "i32", "value": "4"}]}, "expected": [{"type": "i32", "value": "118"}]}, 
  {"type": "assert_return", "line": 143, "action": {"type": "invoke", "field": "arg", "args": [{"type": "i32", "value": "5"}]}, "expected": [{"type": "i32", "value": "20"}]}, 
  {"type": "assert_return", "line": 144, "action": {"type": "invoke", "field": "arg", "args": [{"type": "i32", "value": "6"}]}, "expected": [{"type": "i32", "value": "12"}]}, 
  {"type": "assert_return", "line": 145, "action": {"type": "invoke", "field": "arg", "args": [{"type": "i32", "value": "7"}]}, "expected": [{"type": "i32", "value": "1124"}]}, 
  {"type": "assert_return", "line": 146, "action": {"type": "invoke", "field": "arg", "args": [{"type": "i32", "value": "8"}]}, "expected": [{"type": "i32", "value": "126"}]}, 
  {"type": "assert_return", "line": 148, "action": {"type": "invoke", "field": "corner", "args": []}, "expected": [{"type": "i32", "value": "1"}]}, 
  {"type": "assert_invalid", "line": 150, "filename": "switch.1.wasm", "text": "unknown label", "module_type": "binary"}]}
