{"source_filename": "table_grow.wast",
 "commands": [
  {"type": "module", "line": 1, "filename": "table_grow.0.wasm"}, 
  {"type": "assert_return", "line": 16, "action": {"type": "invoke", "field": "size", "args": []}, "expected": [{"type": "i32", "value": "0"}]}, 
  {"type": "assert_trap", "line": 17, "action": {"type": "invoke", "field": "set", "args": [{"type": "i32", "value": "0"}, {"type": "externref", "value": "2"}]}, "text": "out of bounds table access", "expected": []}, 
  {"type": "assert_trap", "line": 18, "action": {"type": "invoke", "field": "get", "args": [{"type": "i32", "value": "0"}]}, "text": "out of bounds table access", "expected": [{"type": "externref"}]}, 
  {"type": "assert_return", "line": 20, "action": {"type": "invoke", "field": "grow", "args": [{"type": "i32", "value": "1"}, {"type": "externref", "value": "null"}]}, "expected": [{"type": "i32", "value": "0"}]}, 
  {"type": "assert_return", "line": 21, "action": {"type": "invoke", "field": "size", "args": []}, "expected": [{"type": "i32", "value": "1"}]}, 
  {"type": "assert_return", "line": 22, "action": {"type": "invoke", "field": "get", "args": [{"type": "i32", "value": "0"}]}, "expected": [{"type": "externref", "value": "null"}]}, 
  {"type": "assert_return", "line": 23, "action": {"type": "invoke", "field": "set", "args": [{"type": "i32", "value": "0"}, {"type": "externref", "value": "2"}]}, "expected": []}, 
  {"type": "assert_return", "line": 24, "action": {"type": "invoke", "field": "get", "args": [{"type": "i32", "value": "0"}]}, "expected": [{"type": "externref", "value": "2"}]}, 
  {"type": "assert_trap", "line": 25, "action": {"type": "invoke", "field": "set", "args": [{"type": "i32", "value": "1"}, {"type": "externref", "value": "2"}]}, "text": "out of bounds table access", "expected": []}, 
  {"type": "assert_trap", "line": 26, "action": {"type": "invoke", "field": "get", "args": [{"type": "i32", "value": "1"}]}, "text": "out of bounds table access", "expected": [{"type": "externref"}]}, 
  {"type": "assert_return", "line": 28, "action": {"type": "invoke", "field": "grow-abbrev", "args": [{"type": "i32", "value": "4"}, {"type": "externref", "value": "3"}]}, "expected": [{"type": "i32", "value": "1"}]}, 
  {"type": "assert_return", "line": 29, "action": {"type": "invoke", "field": "size", "args": []}, "expected": [{"type": "i32", "value": "5"}]}, 
  {"type": "assert_return", "line": 30, "action": {"type": "invoke", "field": "get", "args": [{"type": "i32", "value": "0"}]}, "expected": [{"type": "externref", "value": "2"}]}, 
  {"type": "assert_return", "line": 31, "action": {"type": "invoke", "field": "set", "args": [{"type": "i32", "value": "0"}, {"type": "externref", "value": "2"}]}, "expected": []}, 
  {"type": "assert_return", "line": 32, "action": {"type": "invoke", "field": "get", "args": [{"type": "i32", "value": "0"}]}, "expected": [{"type": "externref", "value": "2"}]}, 
  {"type": "assert_return", "line": 33, "action": {"type": "invoke", "field": "get", "args": [{"type": "i32", "value": "1"}]}, "expected": [{"type": "externref", "value": "3"}]}, 
  {"type": "assert_return", "line": 34, "action": {"type": "invoke", "field": "get", "args": [{"type": "i32", "value": "4"}]}, "expected": [{"type": "externref", "value": "3"}]}, 
  {"type": "assert_return", "line": 35, "action": {"type": "invoke", "field": "set", "args": [{"type": "i32", "value": "4"}, {"type": "externref", "value": "4"}]}, "expected": []}, 
  {"type": "assert_return", "line": 36, "action": {"type": "invoke", "field": "get", "args": [{"type": "i32", "value": "4"}]}, "expected": [{"type": "externref", "value": "4"}]}, 
  {"type": "assert_trap", "line": 37, "action": {"type": "invoke", "field": "set", "args": [{"type": "i32", "value": "5"}, {"type": "externref", "value": "2"}]}, "text": "out of bounds table access", "expected": []}, 
  {"type": "assert_trap", "line": 38, "action": {"type": "invoke", "field": "get", "args": [{"type": "i32", "value": "5"}]}, "text": "out of bounds table access", "expected": [{"type": "externref"}]}, 
  {"type": "module", "line": 42, "filename": "table_grow.1.wasm"}, 
  {"type": "assert_return", "line": 50, "action": {"type": "invoke", "field": "grow", "args": []}, "expected": [{"type": "i32", "value": "4294967295"}]}, 
  {"type": "module", "line": 53, "filename": "table_grow.2.wasm"}, 
  {"type": "assert_return", "line": 60, "action": {"type": "invoke", "field": "grow", "args": [{"type": "i32", "value": "0"}]}, "expected": [{"type": "i32", "value": "0"}]}, 
  {"type": "assert_return", "line": 61, "action": {"type": "invoke", "field": "grow", "args": [{"type": "i32", "value": "1"}]}, "expected": [{"type": "i32", "value": "0"}]}, 
  {"type": "assert_return", "line": 62, "action": {"type": "invoke", "field": "grow", "args": [{"type": "i32", "value": "0"}]}, "expected": [{"type": "i32", "value": "1"}]}, 
  {"type": "assert_return", "line": 63, "action": {"type": "invoke", "field": "grow", "args": [{"type": "i32", "value": "2"}]}, "expected": [{"type": "i32", "value": "1"}]}, 
  {"type": "assert_return", "line": 64, "action": {"type": "invoke", "field": "grow", "args": [{"type": "i32", "value": "800"}]}, "expected": [{"type": "i32", "value": "3"}]}, 
  {"type": "module", "line": 67, "filename": "table_grow.3.wasm"}, 
  {"type": "assert_return", "line": 74, "action": {"type": "invoke", "field": "grow", "args": [{"type": "i32", "value": "0"}]}, "expected": [{"type": "i32", "value": "0"}]}, 
  {"type": "assert_return", "line": 75, "action": {"type": "invoke", "field": "grow", "args": [{"type": "i32", "value": "1"}]}, "expected": [{"type": "i32", "value": "0"}]}, 
  {"type": "assert_return", "line": 76, "action": {"type": "invoke", "field": "grow", "args": [{"type": "i32", "value": "1"}]}, "expected": [{"type": "i32", "value": "1"}]}, 
  {"type": "assert_return", "line": 77, "action": {"type": "invoke", "field": "grow", "args": [{"type": "i32", "value": "2"}]}, "expected": [{"type": "i32", "value": "2"}]}, 
  {"type": "assert_return", "line": 78, "action": {"type": "invoke", "field": "grow", "args": [{"type": "i32", "value": "6"}]}, "expected": [{"type": "i32", "value": "4"}]}, 
  {"type": "assert_return", "line": 79, "action": {"type": "invoke", "field": "grow", "args": [{"type": "i32", "value": "0"}]}, "expected": [{"type": "i32", "value": "10"}]}, 
  {"type": "assert_return", "line": 80, "action": {"type": "invoke", "field": "grow", "args": [{"type": "i32", "value": "1"}]}, "expected": [{"type": "i32", "value": "4294967295"}]}, 
  {"type": "assert_return", "line": 81, "action": {"type": "invoke", "field": "grow", "args": [{"type": "i32", "value": "65536"}]}, "expected": [{"type": "i32", "value": "4294967295"}]}, 
  {"type": "module", "line": 84, "filename": "table_grow.4.wasm"}, 
  {"type": "assert_return", "line": 106, "action": {"type": "invoke", "field": "check-table-null", "args": [{"type": "i32", "value": "0"}, {"type": "i32", "value": "9"}]}, "expected": [{"type": "funcref", "value": "null"}]}, 
  {"type": "assert_return", "line": 107, "action": {"type": "invoke", "field": "grow", "args": [{"type": "i32", "value": "10"}]}, "expected": [{"type": "i32", "value": "10"}]}, 
  {"type": "assert_return", "line": 108, "action": {"type": "invoke", "field": "check-table-null", "args": [{"type": "i32", "value": "0"}, {"type": "i32", "value": "19"}]}, "expected": [{"type": "funcref", "value": "null"}]}, 
  {"type": "module", "line": 111, "name": "$Tgt", "filename": "table_grow.5.wasm"}, 
  {"type": "register", "line": 115, "name": "$Tgt", "as": "grown-table"}, 
  {"type": "assert_return", "line": 116, "action": {"type": "invoke", "module": "$Tgt", "field": "grow", "args": []}, "expected": [{"type": "i32", "value": "1"}]}, 
  {"type": "module", "line": 117, "name": "$Tgit1", "filename": "table_grow.6.wasm"}, 
  {"type": "register", "line": 122, "name": "$Tgit1", "as": "grown-imported-table"}, 
  {"type": "assert_return", "line": 123, "action": {"type": "invoke", "module": "$Tgit1", "field": "grow", "args": []}, "expected": [{"type": "i32", "value": "2"}]}, 
  {"type": "module", "line": 124, "name": "$Tgit2", "filename": "table_grow.7.wasm"}, 
  {"type": "assert_return", "line": 129, "action": {"type": "invoke", "module": "$Tgit2", "field": "size", "args": []}, "expected": [{"type": "i32", "value": "3"}]}, 
  {"type": "assert_invalid", "line": 135, "filename": "table_grow.8.wasm", "text": "type mismatch", "module_type": "binary"}, 
  {"type": "assert_invalid", "line": 144, "filename": "table_grow.9.wasm", "text": "type mismatch", "module_type": "binary"}, 
  {"type": "assert_invalid", "line": 153, "filename": "table_grow.10.wasm", "text": "type mismatch", "module_type": "binary"}, 
  {"type": "assert_invalid", "line": 162, "filename": "table_grow.11.wasm", "text": "type mismatch", "module_type": "binary"}, 
  {"type": "assert_invalid", "line": 171, "filename": "table_grow.12.wasm", "text": "type mismatch", "module_type": "binary"}, 
  {"type": "assert_invalid", "line": 181, "filename": "table_grow.13.wasm", "text": "type mismatch", "module_type": "binary"}, 
  {"type": "assert_invalid", "line": 190, "filename": "table_grow.14.wasm", "text": "type mismatch", "module_type": "binary"}]}
