{"source_filename": "token.wast",
 "commands": [
  {"type": "assert_malformed", "line": 4, "filename": "token.0.wat", "text": "unknown operator", "module_type": "text"}, 
  {"type": "assert_malformed", "line": 8, "filename": "token.1.wat", "text": "unknown operator", "module_type": "text"}, 
  {"type": "module", "line": 15, "filename": "token.2.wasm"}, 
  {"type": "module", "line": 18, "filename": "token.3.wasm"}, 
  {"type": "module", "line": 21, "filename": "token.4.wasm"}, 
  {"type": "module", "line": 24, "filename": "token.5.wasm"}, 
  {"type": "module", "line": 27, "filename": "token.6.wasm"}, 
  {"type": "module", "line": 30, "filename": "token.7.wasm"}, 
  {"type": "module", "line": 33, "filename": "token.8.wasm"}, 
  {"type": "module", "line": 38, "filename": "token.9.wasm"}, 
  {"type": "module", "line": 43, "filename": "token.10.wasm"}, 
  {"type": "module", "line": 47, "filename": "token.11.wasm"}, 
  {"type": "module", "line": 54, "filename": "token.12.wasm"}, 
  {"type": "module", "line": 58, "filename": "token.13.wasm"}, 
  {"type": "module", "line": 62, "filename": "token.14.wasm"}, 
  {"type": "module", "line": 66, "filename": "token.15.wasm"}, 
  {"type": "module", "line": 70, "filename": "token.16.wasm"}, 
  {"type": "module", "line": 74, "filename": "token.17.wasm"}, 
  {"type": "module", "line": 82, "filename": "token.18.wasm"}, 
  {"type": "assert_malformed", "line": 86, "filename": "token.19.wat", "text": "unknown operator", "module_type": "text"}, 
  {"type": "module", "line": 92, "filename": "token.20.wasm"}, 
  {"type": "assert_malformed", "line": 96, "filename": "token.21.wat", "text": "unknown label", "module_type": "text"}, 
  {"type": "module", "line": 102, "filename": "token.22.wasm"}, 
  {"type": "assert_malformed", "line": 106, "filename": "token.23.wat", "text": "unknown label", "module_type": "text"}, 
  {"type": "module", "line": 112, "filename": "token.24.wasm"}, 
  {"type": "module", "line": 115, "filename": "token.25.wasm"}, 
  {"type": "module", "line": 122, "filename": "token.26.wasm"}, 
  {"type": "assert_malformed", "line": 126, "filename": "token.27.wat", "text": "unknown operator", "module_type": "text"}, 
  {"type": "module", "line": 132, "filename": "token.28.wasm"}, 
  {"type": "assert_malformed", "line": 136, "filename": "token.29.wat", "text": "unknown operator", "module_type": "text"}, 
  {"type": "module", "line": 142, "filename": "token.30.wasm"}, 
  {"type": "assert_malformed", "line": 146, "filename": "token.31.wat", "text": "unknown operator", "module_type": "text"}, 
  {"type": "module", "line": 152, "filename": "token.32.wasm"}, 
  {"type": "assert_malformed", "line": 156, "filename": "token.33.wat", "text": "unknown operator", "module_type": "text"}, 
  {"type": "module", "line": 162, "filename": "token.34.wasm"}, 
  {"type": "assert_malformed", "line": 166, "filename": "token.35.wat", "text": "unknown operator", "module_type": "text"}, 
  {"type": "module", "line": 172, "filename": "token.36.wasm"}, 
  {"type": "assert_malformed", "line": 176, "filename": "token.37.wat", "text": "unknown operator", "module_type": "text"}, 
  {"type": "module", "line": 182, "filename": "token.38.wasm"}, 
  {"type": "assert_malformed", "line": 186, "filename": "token.39.wat", "text": "unknown operator", "module_type": "text"}, 
  {"type": "module", "line": 192, "filename": "token.40.wasm"}, 
  {"type": "assert_malformed", "line": 196, "filename": "token.41.wat", "text": "unknown operator", "module_type": "text"}, 
  {"type": "module", "line": 202, "filename": "token.42.wasm"}, 
  {"type": "assert_malformed", "line": 206, "filename": "token.43.wat", "text": "unknown operator", "module_type": "text"}, 
  {"type": "module", "line": 212, "filename": "token.44.wasm"}, 
  {"type": "assert_malformed", "line": 216, "filename": "token.45.wat", "text": "unknown operator", "module_type": "text"}, 
  {"type": "module", "line": 222, "filename": "token.46.wasm"}, 
  {"type": "assert_malformed", "line": 226, "filename": "token.47.wat", "text": "unknown operator", "module_type": "text"}, 
  {"type": "module", "line": 232, "filename": "token.48.wasm"}, 
  {"type": "assert_malformed", "line": 236, "filename": "token.49.wat", "text": "unknown operator", "module_type": "text"}, 
  {"type": "module", "line": 242, "filename": "token.50.wasm"}, 
  {"type": "assert_malformed", "line": 246, "filename": "token.51.wat", "text": "unknown operator", "module_type": "text"}, 
  {"type": "module", "line": 252, "filename": "token.52.wasm"}, 
  {"type": "assert_malformed", "line": 256, "filename": "token.53.wat", "text": "unknown operator", "module_type": "text"}, 
  {"type": "assert_malformed", "line": 264, "filename": "token.54.wat", "text": "unknown operator", "module_type": "text"}, 
  {"type": "assert_malformed", "line": 270, "filename": "token.55.wat", "text": "unknown operator", "module_type": "text"}, 
  {"type": "assert_malformed", "line": 276, "filename": "token.56.wat", "text": "unknown operator", "module_type": "text"}, 
  {"type": "assert_malformed", "line": 282, "filename": "token.57.wat", "text": "unknown operator", "module_type": "text"}]}
