{"source_filename": "unreachable.wast",
 "commands": [
  {"type": "module", "line": 3, "filename": "unreachable.0.wasm"}, 
  {"type": "assert_trap", "line": 221, "action": {"type": "invoke", "field": "type-i32", "args": []}, "text": "unreachable", "expected": [{"type": "i32"}]}, 
  {"type": "assert_trap", "line": 222, "action": {"type": "invoke", "field": "type-i64", "args": []}, "text": "unreachable", "expected": [{"type": "i64"}]}, 
  {"type": "assert_trap", "line": 223, "action": {"type": "invoke", "field": "type-f32", "args": []}, "text": "unreachable", "expected": [{"type": "f32"}]}, 
  {"type": "assert_trap", "line": 224, "action": {"type": "invoke", "field": "type-f64", "args": []}, "text": "unreachable", "expected": [{"type": "f64"}]}, 
  {"type": "assert_trap", "line": 226, "action": {"type": "invoke", "field": "as-func-first", "args": []}, "text": "unreachable", "expected": [{"type": "i32"}]}, 
  {"type": "assert_trap", "line": 227, "action": {"type": "invoke", "field": "as-func-mid", "args": []}, "text": "unreachable", "expected": [{"type": "i32"}]}, 
  {"type": "assert_trap", "line": 228, "action": {"type": "invoke", "field": "as-func-last", "args": []}, "text": "unreachable", "expected": []}, 
  {"type": "assert_trap", "line": 229, "action": {"type": "invoke", "field": "as-func-value", "args": []}, "text": "unreachable", "expected": [{"type": "i32"}]}, 
  {"type": "assert_trap", "line": 231, "action": {"type": "invoke", "field": "as-block-first", "args": []}, "text": "unreachable", "expected": [{"type": "i32"}]}, 
  {"type": "assert_trap", "line": 232, "action": {"type": "invoke", "field": "as-block-mid", "args": []}, "text": "unreachable", "expected": [{"type": "i32"}]}, 
  {"type": "assert_trap", "line": 233, "action": {"type": "invoke", "field": "as-block-last", "args": []}, "text": "unreachable", "expected": []}, 
  {"type": "assert_trap", "line": 234, "action": {"type": "invoke", "field": "as-block-value", "args": []}, "text": "unreachable", "expected": [{"type": "i32"}]}, 
  {"type": "assert_return", "line": 235, "action": {"type": "invoke", "field": "as-block-broke", "args": []}, "expected": [{"type": "i32", "value": "1"}]}, 
  {"type": "assert_trap", "line": 237, "action": {"type": "invoke", "field": "as-loop-first", "args": []}, "text": "unreachable", "expected": [{"type": "i32"}]}, 
  {"type": "assert_trap", "line": 238, "action": {"type": "invoke", "field": "as-loop-mid", "args": []}, "text": "unreachable", "expected": [{"type": "i32"}]}, 
  {"type": "assert_trap", "line": 239, "action": {"type": "invoke", "field": "as-loop-last", "args": []}, "text": "unreachable", "expected": []}, 
  {"type": "assert_return", "line": 240, "action": {"type": "invoke", "field": "as-loop-broke", "args": []}, "expected": [{"type": "i32", "value": "1"}]}, 
  {"type": "assert_trap", "line": 242, "action": {"type": "invoke", "field": "as-br-value", "args": []}, "text": "unreachable", "expected": [{"type": "i32"}]}, 
  {"type": "assert_trap", "line": 244, "action": {"type": "invoke", "field": "as-br_if-cond", "args": []}, "text": "unreachable", "expected": []}, 
  {"type": "assert_trap", "line": 245, "action": {"type": "invoke", "field": "as-br_if-value", "args": []}, "text": "unreachable", "expected": [{"type": "i32"}]}, 
  {"type": "assert_trap", "line": 246, "action": {"type": "invoke", "field": "as-br_if-value-cond", "args": []}, "text": "unreachable", "expected": [{"type": "i32"}]}, 
  {"type": "assert_trap", "line": 248, "action": {"type": "invoke", "field": "as-br_table-index", "args": []}, "text": "unreachable", "expected": []}, 
  {"type": "assert_trap", "line": 249, "action": {"type": "invoke", "field": "as-br_table-value", "args": []}, "text": "unreachable", "expected": [{"type": "i32"}]}, 
  {"type": "assert_trap", "line": 250, "action": {"type": "invoke", "field": "as-br_table-value-2", "args": []}, "text": "unreachable", "expected": [{"type": "i32"}]}, 
  {"type": "assert_trap", "line": 251, "action": {"type": "invoke", "field": "as-br_table-value-index", "args": []}, "text": "unreachable", "expected": [{"type": "i32"}]}, 
  {"type": "assert_trap", "line": 252, "action": {"type": "invoke", "field": "as-br_table-value-and-index", "args": []}, "text": "unreachable", "expected": [{"type": "i32"}]}, 
  {"type": "assert_trap", "line": 254, "action": {"type": "invoke", "field": "as-return-value", "args": []}, "text": "unreachable", "expected": [{"type": "i64"}]}, 
  {"type": "assert_trap", "line": 256, "action": {"type": "invoke", "field": "as-if-cond", "args": []}, "text": "unreachable", "expected": [{"type": "i32"}]}, 
  {"type": "assert_trap", "line": 257, "action": {"type": "invoke", "field": "as-if-then", "args": [{"type": "i32", "value": "1"}, {"type": "i32", "value": "6"}]}, "text": "unreachable", "expected": [{"type": "i32"}]}, 
  {"type": "assert_return", "line": 258, "action": {"type": "invoke", "field": "as-if-then", "args": [{"type": "i32", "value": "0"}, {"type": "i32", "value": "6"}]}, "expected": [{"type": "i32", "value": "6"}]}, 
  {"type": "assert_trap", "line": 259, "action": {"type": "invoke", "field": "as-if-else", "args": [{"type": "i32", "value": "0"}, {"type": "i32", "value": "6"}]}, "text": "unreachable", "expected": [{"type": "i32"}]}, 
  {"type": "assert_return", "line": 260, "action": {"type": "invoke", "field": "as-if-else", "args": [{"type": "i32", "value": "1"}, {"type": "i32", "value": "6"}]}, "expected": [{"type": "i32", "value": "6"}]}, 
  {"type": "assert_trap", "line": 261, "action": {"type": "invoke", "field": "as-if-then-no-else", "args": [{"type": "i32", "value": "1"}, {"type": "i32", "value": "6"}]}, "text": "unreachable", "expected": [{"type": "i32"}]}, 
  {"type": "assert_return", "line": 262, "action": {"type": "invoke", "field": "as-if-then-no-else", "args": [{"type": "i32", "value": "0"}, {"type": "i32", "value": "6"}]}, "expected": [{"type": "i32", "value": "6"}]}, 
  {"type": "assert_trap", "line": 264, "action": {"type": "invoke", "field": "as-select-first", "args": [{"type": "i32", "value": "0"}, {"type": "i32", "value": "6"}]}, "text": "unreachable", "expected": [{"type": "i32"}]}, 
  {"type": "assert_trap", "line": 265, "action": {"type": "invoke", "field": "as-select-first", "args": [{"type": "i32", "value": "1"}, {"type": "i32", "value": "6"}]}, "text": "unreachable", "expected": [{"type": "i32"}]}, 
  {"type": "assert_trap", "line": 266, "action": {"type": "invoke", "field": "as-select-second", "args": [{"type": "i32", "value": "0"}, {"type": "i32", "value": "6"}]}, "text": "unreachable", "expected": [{"type": "i32"}]}, 
  {"type": "assert_trap", "line": 267, "action": {"type": "invoke", "field": "as-select-second", "args": [{"type": "i32", "value": "1"}, {"type": "i32", "value": "6"}]}, "text": "unreachable", "expected": [{"type": "i32"}]}, 
  {"type": "assert_trap", "line": 268, "action": {"type": "invoke", "field": "as-select-cond", "args": []}, "text": "unreachable", "expected": [{"type": "i32"}]}, 
  {"type": "assert_trap", "line": 270, "action": {"type": "invoke", "field": "as-call-first", "args": []}, "text": "unreachable", "expected": []}, 
  {"type": "assert_trap", "line": 271, "action": {"type": "invoke", "field": "as-call-mid", "args": []}, "text": "unreachable", "expected": []}, 
  {"type": "assert_trap", "line": 272, "action": {"type": "invoke", "field": "as-call-last", "args": []}, "text": "unreachable", "expected": []}, 
  {"type": "assert_trap", "line": 274, "action": {"type": "invoke", "field": "as-call_indirect-func", "args": []}, "text": "unreachable", "expected": []}, 
  {"type": "assert_trap", "line": 275, "action": {"type": "invoke", "field": "as-call_indirect-first", "args": []}, "text": "unreachable", "expected": []}, 
  {"type": "assert_trap", "line": 276, "action": {"type": "invoke", "field": "as-call_indirect-mid", "args": []}, "text": "unreachable", "expected": []}, 
  {"type": "assert_trap", "line": 277, "action": {"type": "invoke", "field": "as-call_indirect-last", "args": []}, "text": "unreachable", "expected": []}, 
  {"type": "assert_trap", "line": 279, "action": {"type": "invoke", "field": "as-local.set-value", "args": []}, "text": "unreachable", "expected": []}, 
  {"type": "assert_trap", "line": 280, "action": {"type": "invoke", "field": "as-local.tee-value", "args": []}, "text": "unreachable", "expected": [{"type": "f32"}]}, 
  {"type": "assert_trap", "line": 281, "action": {"type": "invoke", "field": "as-global.set-value", "args": []}, "text": "unreachable", "expected": [{"type": "f32"}]}, 
  {"type": "assert_trap", "line": 283, "action": {"type": "invoke", "field": "as-load-address", "args": []}, "text": "unreachable", "expected": [{"type": "f32"}]}, 
  {"type": "assert_trap", "line": 284, "action": {"type": "invoke", "field": "as-loadN-address", "args": []}, "text": "unreachable", "expected": [{"type": "i64"}]}, 
  {"type": "assert_trap", "line": 286, "action": {"type": "invoke", "field": "as-store-address", "args": []}, "text": "unreachable", "expected": []}, 
  {"type": "assert_trap", "line": 287, "action": {"type": "invoke", "field": "as-store-value", "args": []}, "text": "unreachable", "expected": []}, 
  {"type": "assert_trap", "line": 288, "action": {"type": "invoke", "field": "as-storeN-address", "args": []}, "text": "unreachable", "expected": []}, 
  {"type": "assert_trap", "line": 289, "action": {"type": "invoke", "field": "as-storeN-value", "args": []}, "text": "unreachable", "expected": []}, 
  {"type": "assert_trap", "line": 291, "action": {"type": "invoke", "field": "as-unary-operand", "args": []}, "text": "unreachable", "expected": [{"type": "f32"}]}, 
  {"type": "assert_trap", "line": 293, "action": {"type": "invoke", "field": "as-binary-left", "args": []}, "text": "unreachable", "expected": [{"type": "i32"}]}, 
  {"type": "assert_trap", "line": 294, "action": {"type": "invoke", "field": "as-binary-right", "args": []}, "text": "unreachable", "expected": [{"type": "i64"}]}, 
  {"type": "assert_trap", "line": 296, "action": {"type": "invoke", "field": "as-test-operand", "args": []}, "text": "unreachable", "expected": [{"type": "i32"}]}, 
  {"type": "assert_trap", "line": 298, "action": {"type": "invoke", "field": "as-compare-left", "args": []}, "text": "unreachable", "expected": [{"type": "i32"}]}, 
  {"type": "assert_trap", "line": 299, "action": {"type": "invoke", "field": "as-compare-right", "args": []}, "text": "unreachable", "expected": [{"type": "i32"}]}, 
  {"type": "assert_trap", "line": 301, "action": {"type": "invoke", "field": "as-convert-operand", "args": []}, "text": "unreachable", "expected": [{"type": "i32"}]}, 
  {"type": "assert_trap", "line": 303, "action": {"type": "invoke", "field": "as-memory.grow-size", "args": []}, "text": "unreachable", "expected": [{"type": "i32"}]}]}
