{"source_filename": "utf8-invalid-encoding.wast",
 "commands": [
  {"type": "assert_malformed", "line": 1, "filename": "utf8-invalid-encoding.0.wat", "text": "malformed UTF-8 encoding", "module_type": "text"}, 
  {"type": "assert_malformed", "line": 2, "filename": "utf8-invalid-encoding.1.wat", "text": "malformed UTF-8 encoding", "module_type": "text"}, 
  {"type": "assert_malformed", "line": 3, "filename": "utf8-invalid-encoding.2.wat", "text": "malformed UTF-8 encoding", "module_type": "text"}, 
  {"type": "assert_malformed", "line": 4, "filename": "utf8-invalid-encoding.3.wat", "text": "malformed UTF-8 encoding", "module_type": "text"}, 
  {"type": "assert_malformed", "line": 5, "filename": "utf8-invalid-encoding.4.wat", "text": "malformed UTF-8 encoding", "module_type": "text"}, 
  {"type": "assert_malformed", "line": 6, "filename": "utf8-invalid-encoding.5.wat", "text": "malformed UTF-8 encoding", "module_type": "text"}, 
  {"type": "assert_malformed", "line": 7, "filename": "utf8-invalid-encoding.6.wat", "text": "malformed UTF-8 encoding", "module_type": "text"}, 
  {"type": "assert_malformed", "line": 8, "filename": "utf8-invalid-encoding.7.wat", "text": "malformed UTF-8 encoding", "module_type": "text"}, 
  {"type": "assert_malformed", "line": 9, "filename": "utf8-invalid-encoding.8.wat", "text": "malformed UTF-8 encoding", "module_type": "text"}, 
  {"type": "assert_malformed", "line": 10, "filename": "utf8-invalid-encoding.9.wat", "text": "malformed UTF-8 encoding", "module_type": "text"}, 
  {"type": "assert_malformed", "line": 11, "filename": "utf8-invalid-encoding.10.wat", "text": "malformed UTF-8 encoding", "module_type": "text"}, 
  {"type": "assert_malformed", "line": 12, "filename": "utf8-invalid-encoding.11.wat", "text": "malformed UTF-8 encoding", "module_type": "text"}, 
  {"type": "assert_malformed", "line": 13, "filename": "utf8-invalid-encoding.12.wat", "text": "malformed UTF-8 encoding", "module_type": "text"}, 
  {"type": "assert_malformed", "line": 14, "filename": "utf8-invalid-encoding.13.wat", "text": "malformed UTF-8 encoding", "module_type": "text"}, 
  {"type": "assert_malformed", "line": 15, "filename": "utf8-invalid-encoding.14.wat", "text": "malformed UTF-8 encoding", "module_type": "text"}, 
  {"type": "assert_malformed", "line": 16, "filename": "utf8-invalid-encoding.15.wat", "text": "malformed UTF-8 encoding", "module_type": "text"}, 
  {"type": "assert_malformed", "line": 17, "filename": "utf8-invalid-encoding.16.wat", "text": "malformed UTF-8 encoding", "module_type": "text"}, 
  {"type": "assert_malformed", "line": 18, "filename": "utf8-invalid-encoding.17.wat", "text": "malformed UTF-8 encoding", "module_type": "text"}, 
  {"type": "assert_malformed", "line": 19, "filename": "utf8-invalid-encoding.18.wat", "text": "malformed UTF-8 encoding", "module_type": "text"}, 
  {"type": "assert_malformed", "line": 20, "filename": "utf8-invalid-encoding.19.wat", "text": "malformed UTF-8 encoding", "module_type": "text"}, 
  {"type": "assert_malformed", "line": 21, "filename": "utf8-invalid-encoding.20.wat", "text": "malformed UTF-8 encoding", "module_type": "text"}, 
  {"type": "assert_malformed", "line": 22, "filename": "utf8-invalid-encoding.21.wat", "text": "malformed UTF-8 encoding", "module_type": "text"}, 
  {"type": "assert_malformed", "line": 23, "filename": "utf8-invalid-encoding.22.wat", "text": "malformed UTF-8 encoding", "module_type": "text"}, 
  {"type": "assert_malformed", "line": 24, "filename": "utf8-invalid-encoding.23.wat", "text": "malformed UTF-8 encoding", "module_type": "text"}, 
  {"type": "assert_malformed", "line": 25, "filename": "utf8-invalid-encoding.24.wat", "text": "malformed UTF-8 encoding", "module_type": "text"}, 
  {"type": "assert_malformed", "line": 26, "filename": "utf8-invalid-encoding.25.wat", "text": "malformed UTF-8 encoding", "module_type": "text"}, 
  {"type": "assert_malformed", "line": 27, "filename": "utf8-invalid-encoding.26.wat", "text": "malformed UTF-8 encoding", "module_type": "text"}, 
  {"type": "assert_malformed", "line": 28, "filename": "utf8-invalid-encoding.27.wat", "text": "malformed UTF-8 encoding", "module_type": "text"}, 
  {"type": "assert_malformed", "line": 29, "filename": "utf8-invalid-encoding.28.wat", "text": "malformed UTF-8 encoding", "module_type": "text"}, 
  {"type": "assert_malformed", "line": 30, "filename": "utf8-invalid-encoding.29.wat", "text": "malformed UTF-8 encoding", "module_type": "text"}, 
  {"type": "assert_malformed", "line": 31, "filename": "utf8-invalid-encoding.30.wat", "text": "malformed UTF-8 encoding", "module_type": "text"}, 
  {"type": "assert_malformed", "line": 32, "filename": "utf8-invalid-encoding.31.wat", "text": "malformed UTF-8 encoding", "module_type": "text"}, 
  {"type": "assert_malformed", "line": 33, "filename": "utf8-invalid-encoding.32.wat", "text": "malformed UTF-8 encoding", "module_type": "text"}, 
  {"type": "assert_malformed", "line": 34, "filename": "utf8-invalid-encoding.33.wat", "text": "malformed UTF-8 encoding", "module_type": "text"}, 
  {"type": "assert_malformed", "line": 35, "filename": "utf8-invalid-encoding.34.wat", "text": "malformed UTF-8 encoding", "module_type": "text"}, 
  {"type": "assert_malformed", "line": 36, "filename": "utf8-invalid-encoding.35.wat", "text": "malformed UTF-8 encoding", "module_type": "text"}, 
  {"type": "assert_malformed", "line": 37, "filename": "utf8-invalid-encoding.36.wat", "text": "malformed UTF-8 encoding", "module_type": "text"}, 
  {"type": "assert_malformed", "line": 38, "filename": "utf8-invalid-encoding.37.wat", "text": "malformed UTF-8 encoding", "module_type": "text"}, 
  {"type": "assert_malformed", "line": 39, "filename": "utf8-invalid-encoding.38.wat", "text": "malformed UTF-8 encoding", "module_type": "text"}, 
  {"type": "assert_malformed", "line": 40, "filename": "utf8-invalid-encoding.39.wat", "text": "malformed UTF-8 encoding", "module_type": "text"}, 
  {"type": "assert_malformed", "line": 41, "filename": "utf8-invalid-encoding.40.wat", "text": "malformed UTF-8 encoding", "module_type": "text"}, 
  {"type": "assert_malformed", "line": 42, "filename": "utf8-invalid-encoding.41.wat", "text": "malformed UTF-8 encoding", "module_type": "text"}, 
  {"type": "assert_malformed", "line": 43, "filename": "utf8-invalid-encoding.42.wat", "text": "malformed UTF-8 encoding", "module_type": "text"}, 
  {"type": "assert_malformed", "line": 44, "filename": "utf8-invalid-encoding.43.wat", "text": "malformed UTF-8 encoding", "module_type": "text"}, 
  {"type": "assert_malformed", "line": 45, "filename": "utf8-invalid-encoding.44.wat", "text": "malformed UTF-8 encoding", "module_type": "text"}, 
  {"type": "assert_malformed", "line": 46, "filename": "utf8-invalid-encoding.45.wat", "text": "malformed UTF-8 encoding", "module_type": "text"}, 
  {"type": "assert_malformed", "line": 47, "filename": "utf8-invalid-encoding.46.wat", "text": "malformed UTF-8 encoding", "module_type": "text"}, 
  {"type": "assert_malformed", "line": 48, "filename": "utf8-invalid-encoding.47.wat", "text": "malformed UTF-8 encoding", "module_type": "text"}, 
  {"type": "assert_malformed", "line": 49, "filename": "utf8-invalid-encoding.48.wat", "text": "malformed UTF-8 encoding", "module_type": "text"}, 
  {"type": "assert_malformed", "line": 50, "filename": "utf8-invalid-encoding.49.wat", "text": "malformed UTF-8 encoding", "module_type": "text"}, 
  {"type": "assert_malformed", "line": 51, "filename": "utf8-invalid-encoding.50.wat", "text": "malformed UTF-8 encoding", "module_type": "text"}, 
  {"type": "assert_malformed", "line": 52, "filename": "utf8-invalid-encoding.51.wat", "text": "malformed UTF-8 encoding", "module_type": "text"}, 
  {"type": "assert_malformed", "line": 53, "filename": "utf8-invalid-encoding.52.wat", "text": "malformed UTF-8 encoding", "module_type": "text"}, 
  {"type": "assert_malformed", "line": 54, "filename": "utf8-invalid-encoding.53.wat", "text": "malformed UTF-8 encoding", "module_type": "text"}, 
  {"type": "assert_malformed", "line": 55, "filename": "utf8-invalid-encoding.54.wat", "text": "malformed UTF-8 encoding", "module_type": "text"}, 
  {"type": "assert_malformed", "line": 56, "filename": "utf8-invalid-encoding.55.wat", "text": "malformed UTF-8 encoding", "module_type": "text"}, 
  {"type": "assert_malformed", "line": 57, "filename": "utf8-invalid-encoding.56.wat", "text": "malformed UTF-8 encoding", "module_type": "text"}, 
  {"type": "assert_malformed", "line": 58, "filename": "utf8-invalid-encoding.57.wat", "text": "malformed UTF-8 encoding", "module_type": "text"}, 
  {"type": "assert_malformed", "line": 59, "filename": "utf8-invalid-encoding.58.wat", "text": "malformed UTF-8 encoding", "module_type": "text"}, 
  {"type": "assert_malformed", "line": 60, "filename": "utf8-invalid-encoding.59.wat", "text": "malformed UTF-8 encoding", "module_type": "text"}, 
  {"type": "assert_malformed", "line": 61, "filename": "utf8-invalid-encoding.60.wat", "text": "malformed UTF-8 encoding", "module_type": "text"}, 
  {"type": "assert_malformed", "line": 62, "filename": "utf8-invalid-encoding.61.wat", "text": "malformed UTF-8 encoding", "module_type": "text"}, 
  {"type": "assert_malformed", "line": 63, "filename": "utf8-invalid-encoding.62.wat", "text": "malformed UTF-8 encoding", "module_type": "text"}, 
  {"type": "assert_malformed", "line": 64, "filename": "utf8-invalid-encoding.63.wat", "text": "malformed UTF-8 encoding", "module_type": "text"}, 
  {"type": "assert_malformed", "line": 65, "filename": "utf8-invalid-encoding.64.wat", "text": "malformed UTF-8 encoding", "module_type": "text"}, 
  {"type": "assert_malformed", "line": 66, "filename": "utf8-invalid-encoding.65.wat", "text": "malformed UTF-8 encoding", "module_type": "text"}, 
  {"type": "assert_malformed", "line": 67, "filename": "utf8-invalid-encoding.66.wat", "text": "malformed UTF-8 encoding", "module_type": "text"}, 
  {"type": "assert_malformed", "line": 68, "filename": "utf8-invalid-encoding.67.wat", "text": "malformed UTF-8 encoding", "module_type": "text"}, 
  {"type": "assert_malformed", "line": 69, "filename": "utf8-invalid-encoding.68.wat", "text": "malformed UTF-8 encoding", "module_type": "text"}, 
  {"type": "assert_malformed", "line": 70, "filename": "utf8-invalid-encoding.69.wat", "text": "malformed UTF-8 encoding", "module_type": "text"}, 
  {"type": "assert_malformed", "line": 71, "filename": "utf8-invalid-encoding.70.wat", "text": "malformed UTF-8 encoding", "module_type": "text"}, 
  {"type": "assert_malformed", "line": 72, "filename": "utf8-invalid-encoding.71.wat", "text": "malformed UTF-8 encoding", "module_type": "text"}, 
  {"type": "assert_malformed", "line": 73, "filename": "utf8-invalid-encoding.72.wat", "text": "malformed UTF-8 encoding", "module_type": "text"}, 
  {"type": "assert_malformed", "line": 74, "filename": "utf8-invalid-encoding.73.wat", "text": "malformed UTF-8 encoding", "module_type": "text"}, 
  {"type": "assert_malformed", "line": 75, "filename": "utf8-invalid-encoding.74.wat", "text": "malformed UTF-8 encoding", "module_type": "text"}, 
  {"type": "assert_malformed", "line": 76, "filename": "utf8-invalid-encoding.75.wat", "text": "malformed UTF-8 encoding", "module_type": "text"}, 
  {"type": "assert_malformed", "line": 77, "filename": "utf8-invalid-encoding.76.wat", "text": "malformed UTF-8 encoding", "module_type": "text"}, 
  {"type": "assert_malformed", "line": 78, "filename": "utf8-invalid-encoding.77.wat", "text": "malformed UTF-8 encoding", "module_type": "text"}, 
  {"type": "assert_malformed", "line": 79, "filename": "utf8-invalid-encoding.78.wat", "text": "malformed UTF-8 encoding", "module_type": "text"}, 
  {"type": "assert_malformed", "line": 80, "filename": "utf8-invalid-encoding.79.wat", "text": "malformed UTF-8 encoding", "module_type": "text"}, 
  {"type": "assert_malformed", "line": 81, "filename": "utf8-invalid-encoding.80.wat", "text": "malformed UTF-8 encoding", "module_type": "text"}, 
  {"type": "assert_malformed", "line": 82, "filename": "utf8-invalid-encoding.81.wat", "text": "malformed UTF-8 encoding", "module_type": "text"}, 
  {"type": "assert_malformed", "line": 83, "filename": "utf8-invalid-encoding.82.wat", "text": "malformed UTF-8 encoding", "module_type": "text"}, 
  {"type": "assert_malformed", "line": 84, "filename": "utf8-invalid-encoding.83.wat", "text": "malformed UTF-8 encoding", "module_type": "text"}, 
  {"type": "assert_malformed", "line": 85, "filename": "utf8-invalid-encoding.84.wat", "text": "malformed UTF-8 encoding", "module_type": "text"}, 
  {"type": "assert_malformed", "line": 86, "filename": "utf8-invalid-encoding.85.wat", "text": "malformed UTF-8 encoding", "module_type": "text"}, 
  {"type": "assert_malformed", "line": 87, "filename": "utf8-invalid-encoding.86.wat", "text": "malformed UTF-8 encoding", "module_type": "text"}, 
  {"type": "assert_malformed", "line": 88, "filename": "utf8-invalid-encoding.87.wat", "text": "malformed UTF-8 encoding", "module_type": "text"}, 
  {"type": "assert_malformed", "line": 89, "filename": "utf8-invalid-encoding.88.wat", "text": "malformed UTF-8 encoding", "module_type": "text"}, 
  {"type": "assert_malformed", "line": 90, "filename": "utf8-invalid-encoding.89.wat", "text": "malformed UTF-8 encoding", "module_type": "text"}, 
  {"type": "assert_malformed", "line": 91, "filename": "utf8-invalid-encoding.90.wat", "text": "malformed UTF-8 encoding", "module_type": "text"}, 
  {"type": "assert_malformed", "line": 92, "filename": "utf8-invalid-encoding.91.wat", "text": "malformed UTF-8 encoding", "module_type": "text"}, 
  {"type": "assert_malformed", "line": 93, "filename": "utf8-invalid-encoding.92.wat", "text": "malformed UTF-8 encoding", "module_type": "text"}, 
  {"type": "assert_malformed", "line": 94, "filename": "utf8-invalid-encoding.93.wat", "text": "malformed UTF-8 encoding", "module_type": "text"}, 
  {"type": "assert_malformed", "line": 95, "filename": "utf8-invalid-encoding.94.wat", "text": "malformed UTF-8 encoding", "module_type": "text"}, 
  {"type": "assert_malformed", "line": 96, "filename": "utf8-invalid-encoding.95.wat", "text": "malformed UTF-8 encoding", "module_type": "text"}, 
  {"type": "assert_malformed", "line": 97, "filename": "utf8-invalid-encoding.96.wat", "text": "malformed UTF-8 encoding", "module_type": "text"}, 
  {"type": "assert_malformed", "line": 98, "filename": "utf8-invalid-encoding.97.wat", "text": "malformed UTF-8 encoding", "module_type": "text"}, 
  {"type": "assert_malformed", "line": 99, "filename": "utf8-invalid-encoding.98.wat", "text": "malformed UTF-8 encoding", "module_type": "text"}, 
  {"type": "assert_malformed", "line": 100, "filename": "utf8-invalid-encoding.99.wat", "text": "malformed UTF-8 encoding", "module_type": "text"}, 
  {"type": "assert_malformed", "line": 101, "filename": "utf8-invalid-encoding.100.wat", "text": "malformed UTF-8 encoding", "module_type": "text"}, 
  {"type": "assert_malformed", "line": 102, "filename": "utf8-invalid-encoding.101.wat", "text": "malformed UTF-8 encoding", "module_type": "text"}, 
  {"type": "assert_malformed", "line": 103, "filename": "utf8-invalid-encoding.102.wat", "text": "malformed UTF-8 encoding", "module_type": "text"}, 
  {"type": "assert_malformed", "line": 104, "filename": "utf8-invalid-encoding.103.wat", "text": "malformed UTF-8 encoding", "module_type": "text"}, 
  {"type": "assert_malformed", "line": 105, "filename": "utf8-invalid-encoding.104.wat", "text": "malformed UTF-8 encoding", "module_type": "text"}, 
  {"type": "assert_malformed", "line": 106, "filename": "utf8-invalid-encoding.105.wat", "text": "malformed UTF-8 encoding", "module_type": "text"}, 
  {"type": "assert_malformed", "line": 107, "filename": "utf8-invalid-encoding.106.wat", "text": "malformed UTF-8 encoding", "module_type": "text"}, 
  {"type": "assert_malformed", "line": 108, "filename": "utf8-invalid-encoding.107.wat", "text": "malformed UTF-8 encoding", "module_type": "text"}, 
  {"type": "assert_malformed", "line": 109, "filename": "utf8-invalid-encoding.108.wat", "text": "malformed UTF-8 encoding", "module_type": "text"}, 
  {"type": "assert_malformed", "line": 110, "filename": "utf8-invalid-encoding.109.wat", "text": "malformed UTF-8 encoding", "module_type": "text"}, 
  {"type": "assert_malformed", "line": 111, "filename": "utf8-invalid-encoding.110.wat", "text": "malformed UTF-8 encoding", "module_type": "text"}, 
  {"type": "assert_malformed", "line": 112, "filename": "utf8-invalid-encoding.111.wat", "text": "malformed UTF-8 encoding", "module_type": "text"}, 
  {"type": "assert_malformed", "line": 113, "filename": "utf8-invalid-encoding.112.wat", "text": "malformed UTF-8 encoding", "module_type": "text"}, 
  {"type": "assert_malformed", "line": 114, "filename": "utf8-invalid-encoding.113.wat", "text": "malformed UTF-8 encoding", "module_type": "text"}, 
  {"type": "assert_malformed", "line": 115, "filename": "utf8-invalid-encoding.114.wat", "text": "malformed UTF-8 encoding", "module_type": "text"}, 
  {"type": "assert_malformed", "line": 116, "filename": "utf8-invalid-encoding.115.wat", "text": "malformed UTF-8 encoding", "module_type": "text"}, 
  {"type": "assert_malformed", "line": 117, "filename": "utf8-invalid-encoding.116.wat", "text": "malformed UTF-8 encoding", "module_type": "text"}, 
  {"type": "assert_malformed", "line": 118, "filename": "utf8-invalid-encoding.117.wat", "text": "malformed UTF-8 encoding", "module_type": "text"}, 
  {"type": "assert_malformed", "line": 119, "filename": "utf8-invalid-encoding.118.wat", "text": "malformed UTF-8 encoding", "module_type": "text"}, 
  {"type": "assert_malformed", "line": 120, "filename": "utf8-invalid-encoding.119.wat", "text": "malformed UTF-8 encoding", "module_type": "text"}, 
  {"type": "assert_malformed", "line": 121, "filename": "utf8-invalid-encoding.120.wat", "text": "malformed UTF-8 encoding", "module_type": "text"}, 
  {"type": "assert_malformed", "line": 122, "filename": "utf8-invalid-encoding.121.wat", "text": "malformed UTF-8 encoding", "module_type": "text"}, 
  {"type": "assert_malformed", "line": 123, "filename": "utf8-invalid-encoding.122.wat", "text": "malformed UTF-8 encoding", "module_type": "text"}, 
  {"type": "assert_malformed", "line": 124, "filename": "utf8-invalid-encoding.123.wat", "text": "malformed UTF-8 encoding", "module_type": "text"}, 
  {"type": "assert_malformed", "line": 125, "filename": "utf8-invalid-encoding.124.wat", "text": "malformed UTF-8 encoding", "module_type": "text"}, 
  {"type": "assert_malformed", "line": 126, "filename": "utf8-invalid-encoding.125.wat", "text": "malformed UTF-8 encoding", "module_type": "text"}, 
  {"type": "assert_malformed", "line": 127, "filename": "utf8-invalid-encoding.126.wat", "text": "malformed UTF-8 encoding", "module_type": "text"}, 
  {"type": "assert_malformed", "line": 128, "filename": "utf8-invalid-encoding.127.wat", "text": "malformed UTF-8 encoding", "module_type": "text"}, 
  {"type": "assert_malformed", "line": 129, "filename": "utf8-invalid-encoding.128.wat", "text": "malformed UTF-8 encoding", "module_type": "text"}, 
  {"type": "assert_malformed", "line": 130, "filename": "utf8-invalid-encoding.129.wat", "text": "malformed UTF-8 encoding", "module_type": "text"}, 
  {"type": "assert_malformed", "line": 131, "filename": "utf8-invalid-encoding.130.wat", "text": "malformed UTF-8 encoding", "module_type": "text"}, 
  {"type": "assert_malformed", "line": 132, "filename": "utf8-invalid-encoding.131.wat", "text": "malformed UTF-8 encoding", "module_type": "text"}, 
  {"type": "assert_malformed", "line": 133, "filename": "utf8-invalid-encoding.132.wat", "text": "malformed UTF-8 encoding", "module_type": "text"}, 
  {"type": "assert_malformed", "line": 134, "filename": "utf8-invalid-encoding.133.wat", "text": "malformed UTF-8 encoding", "module_type": "text"}, 
  {"type": "assert_malformed", "line": 135, "filename": "utf8-invalid-encoding.134.wat", "text": "malformed UTF-8 encoding", "module_type": "text"}, 
  {"type": "assert_malformed", "line": 136, "filename": "utf8-invalid-encoding.135.wat", "text": "malformed UTF-8 encoding", "module_type": "text"}, 
  {"type": "assert_malformed", "line": 137, "filename": "utf8-invalid-encoding.136.wat", "text": "malformed UTF-8 encoding", "module_type": "text"}, 
  {"type": "assert_malformed", "line": 138, "filename": "utf8-invalid-encoding.137.wat", "text": "malformed UTF-8 encoding", "module_type": "text"}, 
  {"type": "assert_malformed", "line": 139, "filename": "utf8-invalid-encoding.138.wat", "text": "malformed UTF-8 encoding", "module_type": "text"}, 
  {"type": "assert_malformed", "line": 140, "filename": "utf8-invalid-encoding.139.wat", "text": "malformed UTF-8 encoding", "module_type": "text"}, 
  {"type": "assert_malformed", "line": 141, "filename": "utf8-invalid-encoding.140.wat", "text": "malformed UTF-8 encoding", "module_type": "text"}, 
  {"type": "assert_malformed", "line": 142, "filename": "utf8-invalid-encoding.141.wat", "text": "malformed UTF-8 encoding", "module_type": "text"}, 
  {"type": "assert_malformed", "line": 143, "filename": "utf8-invalid-encoding.142.wat", "text": "malformed UTF-8 encoding", "module_type": "text"}, 
  {"type": "assert_malformed", "line": 144, "filename": "utf8-invalid-encoding.143.wat", "text": "malformed UTF-8 encoding", "module_type": "text"}, 
  {"type": "assert_malformed", "line": 145, "filename": "utf8-invalid-encoding.144.wat", "text": "malformed UTF-8 encoding", "module_type": "text"}, 
  {"type": "assert_malformed", "line": 146, "filename": "utf8-invalid-encoding.145.wat", "text": "malformed UTF-8 encoding", "module_type": "text"}, 
  {"type": "assert_malformed", "line": 147, "filename": "utf8-invalid-encoding.146.wat", "text": "malformed UTF-8 encoding", "module_type": "text"}, 
  {"type": "assert_malformed", "line": 148, "filename": "utf8-invalid-encoding.147.wat", "text": "malformed UTF-8 encoding", "module_type": "text"}, 
  {"type": "assert_malformed", "line": 149, "filename": "utf8-invalid-encoding.148.wat", "text": "malformed UTF-8 encoding", "module_type": "text"}, 
  {"type": "assert_malformed", "line": 150, "filename": "utf8-invalid-encoding.149.wat", "text": "malformed UTF-8 encoding", "module_type": "text"}, 
  {"type": "assert_malformed", "line": 151, "filename": "utf8-invalid-encoding.150.wat", "text": "malformed UTF-8 encoding", "module_type": "text"}, 
  {"type": "assert_malformed", "line": 152, "filename": "utf8-invalid-encoding.151.wat", "text": "malformed UTF-8 encoding", "module_type": "text"}, 
  {"type": "assert_malformed", "line": 153, "filename": "utf8-invalid-encoding.152.wat", "text": "malformed UTF-8 encoding", "module_type": "text"}, 
  {"type": "assert_malformed", "line": 154, "filename": "utf8-invalid-encoding.153.wat", "text": "malformed UTF-8 encoding", "module_type": "text"}, 
  {"type": "assert_malformed", "line": 155, "filename": "utf8-invalid-encoding.154.wat", "text": "malformed UTF-8 encoding", "module_type": "text"}, 
  {"type": "assert_malformed", "line": 156, "filename": "utf8-invalid-encoding.155.wat", "text": "malformed UTF-8 encoding", "module_type": "text"}, 
  {"type": "assert_malformed", "line": 157, "filename": "utf8-invalid-encoding.156.wat", "text": "malformed UTF-8 encoding", "module_type": "text"}, 
  {"type": "assert_malformed", "line": 158, "filename": "utf8-invalid-encoding.157.wat", "text": "malformed UTF-8 encoding", "module_type": "text"}, 
  {"type": "assert_malformed", "line": 159, "filename": "utf8-invalid-encoding.158.wat", "text": "malformed UTF-8 encoding", "module_type": "text"}, 
  {"type": "assert_malformed", "line": 160, "filename": "utf8-invalid-encoding.159.wat", "text": "malformed UTF-8 encoding", "module_type": "text"}, 
  {"type": "assert_malformed", "line": 161, "filename": "utf8-invalid-encoding.160.wat", "text": "malformed UTF-8 encoding", "module_type": "text"}, 
  {"type": "assert_malformed", "line": 162, "filename": "utf8-invalid-encoding.161.wat", "text": "malformed UTF-8 encoding", "module_type": "text"}, 
  {"type": "assert_malformed", "line": 163, "filename": "utf8-invalid-encoding.162.wat", "text": "malformed UTF-8 encoding", "module_type": "text"}, 
  {"type": "assert_malformed", "line": 164, "filename": "utf8-invalid-encoding.163.wat", "text": "malformed UTF-8 encoding", "module_type": "text"}, 
  {"type": "assert_malformed", "line": 165, "filename": "utf8-invalid-encoding.164.wat", "text": "malformed UTF-8 encoding", "module_type": "text"}, 
  {"type": "assert_malformed", "line": 166, "filename": "utf8-invalid-encoding.165.wat", "text": "malformed UTF-8 encoding", "module_type": "text"}, 
  {"type": "assert_malformed", "line": 167, "filename": "utf8-invalid-encoding.166.wat", "text": "malformed UTF-8 encoding", "module_type": "text"}, 
  {"type": "assert_malformed", "line": 168, "filename": "utf8-invalid-encoding.167.wat", "text": "malformed UTF-8 encoding", "module_type": "text"}, 
  {"type": "assert_malformed", "line": 169, "filename": "utf8-invalid-encoding.168.wat", "text": "malformed UTF-8 encoding", "module_type": "text"}, 
  {"type": "assert_malformed", "line": 170, "filename": "utf8-invalid-encoding.169.wat", "text": "malformed UTF-8 encoding", "module_type": "text"}, 
  {"type": "assert_malformed", "line": 171, "filename": "utf8-invalid-encoding.170.wat", "text": "malformed UTF-8 encoding", "module_type": "text"}, 
  {"type": "assert_malformed", "line": 172, "filename": "utf8-invalid-encoding.171.wat", "text": "malformed UTF-8 encoding", "module_type": "text"}, 
  {"type": "assert_malformed", "line": 173, "filename": "utf8-invalid-encoding.172.wat", "text": "malformed UTF-8 encoding", "module_type": "text"}, 
  {"type": "assert_malformed", "line": 174, "filename": "utf8-invalid-encoding.173.wat", "text": "malformed UTF-8 encoding", "module_type": "text"}, 
  {"type": "assert_malformed", "line": 175, "filename": "utf8-invalid-encoding.174.wat", "text": "malformed UTF-8 encoding", "module_type": "text"}, 
  {"type": "assert_malformed", "line": 176, "filename": "utf8-invalid-encoding.175.wat", "text": "malformed UTF-8 encoding", "module_type": "text"}]}
