<?xml version="1.0" encoding="utf-8"?>
<unattend xmlns="urn:schemas-microsoft-com:unattend" xmlns:wcm="http://schemas.microsoft.com/WMIConfig/2002/State">
	<!--https://schneegans.de/windows/unattend-generator/?LanguageMode=Interactive&ProcessorArchitecture=amd64&ComputerNameMode=Custom&ComputerName=nano11&CompactOsMode=Default&TimeZoneMode=Implicit&PartitionMode=Interactive&DiskAssertionMode=Skip&WindowsEditionMode=Interactive&InstallFromMode=Automatic&PEMode=Default&UserAccountMode=Unattended&AutoLogonMode=Builtin&BuiltinAdministratorPassword=&PasswordExpirationMode=Unlimited&LockoutMode=Default&HideFiles=Hidden&TaskbarSearch=Hide&TaskbarIconsMode=Default&DisableWidgets=true&StartTilesMode=Default&StartPinsMode=Default&DisableSystemRestore=true&AllowPowerShellScripts=true&DisableAppSuggestions=true&PreventDeviceEncryption=true&DeleteWindowsOld=true&EffectsMode=Default&DesktopIconsMode=Default&StartFoldersMode=Default&WifiMode=Skip&ExpressSettings=DisableAll&LockKeysMode=Skip&StickyKeysMode=Default&ColorMode=Default&WallpaperMode=Default&LockScreenMode=Default&WdacMode=Skip-->
	<settings pass="offlineServicing"></settings>
	<settings pass="windowsPE">
		<component name="Microsoft-Windows-Setup" processorArchitecture="amd64" publicKeyToken="31bf3856ad364e35" language="neutral" versionScope="nonSxS">
			<UserData>
				<ProductKey>
					<Key>00000-00000-00000-00000-00000</Key>
					<WillShowUI>Always</WillShowUI>
				</ProductKey>
				<AcceptEula>true</AcceptEula>
			</UserData>
			<UseConfigurationSet>false</UseConfigurationSet>
		</component>
	</settings>
	<settings pass="generalize"></settings>
	<settings pass="specialize">
		<component name="Microsoft-Windows-Shell-Setup" processorArchitecture="amd64" publicKeyToken="31bf3856ad364e35" language="neutral" versionScope="nonSxS">
			<ComputerName>nano11</ComputerName>
		</component>
		<component name="Microsoft-Windows-Deployment" processorArchitecture="amd64" publicKeyToken="31bf3856ad364e35" language="neutral" versionScope="nonSxS">
			<RunSynchronous>
				<RunSynchronousCommand wcm:action="add">
					<Order>1</Order>
					<Path>powershell.exe -WindowStyle Normal -NoProfile -Command "$xml = [xml]::new(); $xml.Load('C:\Windows\Panther\unattend.xml'); $sb = [scriptblock]::Create( $xml.unattend.Extensions.ExtractScript ); Invoke-Command -ScriptBlock $sb -ArgumentList $xml;"</Path>
				</RunSynchronousCommand>
				<RunSynchronousCommand wcm:action="add">
					<Order>2</Order>
					<Path>powershell.exe -WindowStyle Normal -NoProfile -Command "Get-Content -LiteralPath 'C:\Windows\Setup\Scripts\Specialize.ps1' -Raw | Invoke-Expression;"</Path>
				</RunSynchronousCommand>
				<RunSynchronousCommand wcm:action="add">
					<Order>3</Order>
					<Path>reg.exe load "HKU\DefaultUser" "C:\Users\Default\NTUSER.DAT"</Path>
				</RunSynchronousCommand>
				<RunSynchronousCommand wcm:action="add">
					<Order>4</Order>
					<Path>powershell.exe -WindowStyle Normal -NoProfile -Command "Get-Content -LiteralPath 'C:\Windows\Setup\Scripts\DefaultUser.ps1' -Raw | Invoke-Expression;"</Path>
				</RunSynchronousCommand>
				<RunSynchronousCommand wcm:action="add">
					<Order>5</Order>
					<Path>reg.exe unload "HKU\DefaultUser"</Path>
				</RunSynchronousCommand>
			</RunSynchronous>
		</component>
	</settings>
	<settings pass="auditSystem"></settings>
	<settings pass="auditUser"></settings>
	<settings pass="oobeSystem">
		<component name="Microsoft-Windows-Shell-Setup" processorArchitecture="amd64" publicKeyToken="31bf3856ad364e35" language="neutral" versionScope="nonSxS">
			<UserAccounts>
				<AdministratorPassword>
					<Value></Value>
					<PlainText>true</PlainText>
				</AdministratorPassword>
			</UserAccounts>
			<AutoLogon>
				<Username>Administrator</Username>
				<Enabled>true</Enabled>
				<LogonCount>1</LogonCount>
				<Password>
					<Value></Value>
					<PlainText>true</PlainText>
				</Password>
			</AutoLogon>
			<OOBE>
				<ProtectYourPC>3</ProtectYourPC>
				<HideEULAPage>true</HideEULAPage>
				<HideWirelessSetupInOOBE>true</HideWirelessSetupInOOBE>
				<HideOnlineAccountScreens>false</HideOnlineAccountScreens>
			</OOBE>
			<FirstLogonCommands>
				<SynchronousCommand wcm:action="add">
					<Order>1</Order>
					<CommandLine>powershell.exe -WindowStyle Normal -NoProfile -Command "Get-Content -LiteralPath 'C:\Windows\Setup\Scripts\FirstLogon.ps1' -Raw | Invoke-Expression;"</CommandLine>
				</SynchronousCommand>
			</FirstLogonCommands>
		</component>
	</settings>
	<Extensions xmlns="https://schneegans.de/windows/unattend-generator/">
		<ExtractScript>
param(
    [xml] $Document
);

foreach( $file in $Document.unattend.Extensions.File ) {
    $path = [System.Environment]::ExpandEnvironmentVariables( $file.GetAttribute( 'path' ) );
    mkdir -Path( $path | Split-Path -Parent ) -ErrorAction 'SilentlyContinue';
    $encoding = switch( [System.IO.Path]::GetExtension( $path ) ) {
        { $_ -in '.ps1', '.xml' } { [System.Text.Encoding]::UTF8; }
        { $_ -in '.reg', '.vbs', '.js' } { [System.Text.UnicodeEncoding]::new( $false, $true ); }
        default { [System.Text.Encoding]::Default; }
    };
    $bytes = $encoding.GetPreamble() + $encoding.GetBytes( $file.InnerText.Trim() );
    [System.IO.File]::WriteAllBytes( $path, $bytes );
}
		</ExtractScript>
		<File path="C:\Windows\Setup\Scripts\Specialize.ps1">
$scripts = @(
	{
		net.exe accounts /maxpwage:UNLIMITED;
	};
	{
		Set-ExecutionPolicy -Scope 'LocalMachine' -ExecutionPolicy 'RemoteSigned' -Force;
	};
	{
		reg.exe add "HKLM\SOFTWARE\Policies\Microsoft\Dsh" /v AllowNewsAndInterests /t REG_DWORD /d 0 /f;
	};
	{
		reg.exe add "HKLM\Software\Policies\Microsoft\Windows\CloudContent" /v "DisableWindowsConsumerFeatures" /t REG_DWORD /d 1 /f;
	};
	{
		reg.exe add "HKLM\SYSTEM\CurrentControlSet\Control\BitLocker" /v "PreventDeviceEncryption" /t REG_DWORD /d 1 /f;
	};
);

&amp; {
  [float] $complete = 0;
  [float] $increment = 100 / $scripts.Count;
  foreach( $script in $scripts ) {
    Write-Progress -Activity 'Running scripts to customize your Windows installation. Do not close this window.' -PercentComplete $complete;
    '*** Will now execute command &#xAB;{0}&#xBB;.' -f $(
      $str = $script.ToString().Trim() -replace '\s+', ' ';
      $max = 100;
      if( $str.Length -le $max ) {
        $str;
      } else {
        $str.Substring( 0, $max - 1 ) + '&#x2026;';
      }
    );
    $start = [datetime]::Now;
    &amp; $script;
    '*** Finished executing command after {0:0} ms.' -f [datetime]::Now.Subtract( $start ).TotalMilliseconds;
    "`r`n" * 3;
    $complete += $increment;
  }
} *&gt;&amp;1 &gt;&gt; "C:\Windows\Setup\Scripts\Specialize.log";
		</File>
		<File path="C:\Windows\Setup\Scripts\UserOnce.ps1">
$scripts = @(
	{
		Set-ItemProperty -LiteralPath 'Registry::HKCU\Software\Microsoft\Windows\CurrentVersion\Search' -Name 'SearchboxTaskbarMode' -Type 'DWord' -Value 0;
	};
	{
		Get-Process -Name 'explorer' -ErrorAction 'SilentlyContinue' | Where-Object -FilterScript {
			$_.SessionId -eq ( Get-Process -Id $PID ).SessionId;
		} | Stop-Process -Force;
	};
);

&amp; {
  [float] $complete = 0;
  [float] $increment = 100 / $scripts.Count;
  foreach( $script in $scripts ) {
    Write-Progress -Activity 'Running scripts to configure this user account. Do not close this window.' -PercentComplete $complete;
    '*** Will now execute command &#xAB;{0}&#xBB;.' -f $(
      $str = $script.ToString().Trim() -replace '\s+', ' ';
      $max = 100;
      if( $str.Length -le $max ) {
        $str;
      } else {
        $str.Substring( 0, $max - 1 ) + '&#x2026;';
      }
    );
    $start = [datetime]::Now;
    &amp; $script;
    '*** Finished executing command after {0:0} ms.' -f [datetime]::Now.Subtract( $start ).TotalMilliseconds;
    "`r`n" * 3;
    $complete += $increment;
  }
} *&gt;&amp;1 &gt;&gt; "$env:TEMP\UserOnce.log";
		</File>
		<File path="C:\Windows\Setup\Scripts\DefaultUser.ps1">
$scripts = @(
	{
		$names = @(
		  'ContentDeliveryAllowed';
		  'FeatureManagementEnabled';
		  'OEMPreInstalledAppsEnabled';
		  'PreInstalledAppsEnabled';
		  'PreInstalledAppsEverEnabled';
		  'SilentInstalledAppsEnabled';
		  'SoftLandingEnabled';
		  'SubscribedContentEnabled';
		  'SubscribedContent-310093Enabled';
		  'SubscribedContent-338387Enabled';
		  'SubscribedContent-338388Enabled';
		  'SubscribedContent-338389Enabled';
		  'SubscribedContent-338393Enabled';
		  'SubscribedContent-353694Enabled';
		  'SubscribedContent-353696Enabled';
		  'SubscribedContent-353698Enabled';
		  'SystemPaneSuggestionsEnabled';
		);
		
		foreach( $name in $names ) {
		  reg.exe add "HKU\DefaultUser\Software\Microsoft\Windows\CurrentVersion\ContentDeliveryManager" /v $name /t REG_DWORD /d 0 /f;
		}
	};
	{
		reg.exe add "HKU\DefaultUser\Software\Microsoft\Windows\CurrentVersion\RunOnce" /v "UnattendedSetup" /t REG_SZ /d "powershell.exe -WindowStyle Normal -NoProfile -Command \""Get-Content -LiteralPath 'C:\Windows\Setup\Scripts\UserOnce.ps1' -Raw | Invoke-Expression;\""" /f;
	};
);

&amp; {
  [float] $complete = 0;
  [float] $increment = 100 / $scripts.Count;
  foreach( $script in $scripts ) {
    Write-Progress -Activity 'Running scripts to modify the default user&#x2019;&#x2019;s registry hive. Do not close this window.' -PercentComplete $complete;
    '*** Will now execute command &#xAB;{0}&#xBB;.' -f $(
      $str = $script.ToString().Trim() -replace '\s+', ' ';
      $max = 100;
      if( $str.Length -le $max ) {
        $str;
      } else {
        $str.Substring( 0, $max - 1 ) + '&#x2026;';
      }
    );
    $start = [datetime]::Now;
    &amp; $script;
    '*** Finished executing command after {0:0} ms.' -f [datetime]::Now.Subtract( $start ).TotalMilliseconds;
    "`r`n" * 3;
    $complete += $increment;
  }
} *&gt;&amp;1 &gt;&gt; "C:\Windows\Setup\Scripts\DefaultUser.log";
		</File>
		<File path="C:\Windows\Setup\Scripts\FirstLogon.ps1">
$scripts = @(
	{
		Set-ItemProperty -LiteralPath 'Registry::HKLM\SOFTWARE\Microsoft\Windows NT\CurrentVersion\Winlogon' -Name 'AutoLogonCount' -Type 'DWord' -Force -Value 0;
	};
	{
		Disable-ComputerRestore -Drive 'C:\';
	};
	{
		cmd.exe /c "rmdir C:\Windows.old";
	};
);

&amp; {
  [float] $complete = 0;
  [float] $increment = 100 / $scripts.Count;
  foreach( $script in $scripts ) {
    Write-Progress -Activity 'Running scripts to finalize your Windows installation. Do not close this window.' -PercentComplete $complete;
    '*** Will now execute command &#xAB;{0}&#xBB;.' -f $(
      $str = $script.ToString().Trim() -replace '\s+', ' ';
      $max = 100;
      if( $str.Length -le $max ) {
        $str;
      } else {
        $str.Substring( 0, $max - 1 ) + '&#x2026;';
      }
    );
    $start = [datetime]::Now;
    &amp; $script;
    '*** Finished executing command after {0:0} ms.' -f [datetime]::Now.Subtract( $start ).TotalMilliseconds;
    "`r`n" * 3;
    $complete += $increment;
  }
} *&gt;&amp;1 &gt;&gt; "C:\Windows\Setup\Scripts\FirstLogon.log";
		</File>
	</Extensions>
</unattend>